{"type":"FeatureCollection", "features": [
{"type":"Feature","geometry":{"type":"MultiPolygon","coordinates":[[[[124.45,-9.2],[124.3,-9.5],[124.05,-9.35],[123.7,-9.6],[123.5,-10.35],[123.85,-10.35],[124.1,-10.15],[124.4,-10.15],[124.95,-9.65],[125.05,-9.5],[124.9,-8.95],[124.45,-9.2]]],[[[117.55,4.15],[117.15,4.35],[115.9,4.35],[115.65,4.15],[115.45,3.05],[115.05,2.85],[115.15,2.5],[114.8,2.25],[114.85,1.9],[114.5,1.45],[113.9,1.45],[113.65,1.25],[113,1.55],[112.45,1.55],[112.2,1.45],[112.1,1.15],[111.8,1],[111.2,1.1],[110.55,0.85],[110.25,1.05],[109.7,1.55],[109.55,1.9],[109.65,2.1],[109.35,1.95],[109.1,1.55],[108.85,0.85],[108.9,0.35],[109.15,0.1],[109.1,-0.5],[109.25,-0.85],[109.75,-0.95],[110.05,-1.45],[109.9,-1.75],[110.1,-1.9],[110.25,-3],[110.5,-2.85],[110.9,-3.1],[111.3,-2.95],[111.85,-3.05],[111.8,-3.55],[112.3,-3.3],[112.6,-3.4],[113.2,-3.1],[113.6,-3.2],[113.7,-3.45],[114.1,-3.35],[114.6,-3.7],[114.7,-4.15],[115.95,-3.6],[116.35,-2.95],[116.4,-2.6],[116.6,-2.2],[116.3,-1.7],[116.8,-1.25],[117,-1.2],[117.6,-0.4],[117.45,-0.25],[117.5,0.3],[117.8,0.8],[118.2,0.9],[118.8,0.8],[119,0.95],[118.45,1.5],[117.9,1.8],[117.85,2.05],[118.05,2.35],[117.65,2.8],[117.6,3.1],[117.35,3.2],[117.2,3.65],[117.75,3.65],[117.55,4.15]]],[[[140.95,-2.6],[140.1,-2.3],[139.85,-2.35],[138.8,-1.9],[138.65,-1.8],[137.8,-1.5],[137.15,-1.8],[137.25,-2.05],[136.75,-2.25],[136.4,-2.2],[136.25,-2.55],[135.9,-3],[135.45,-3.35],[135,-3.35],[134.7,-2.95],[134.65,-2.55],[134.2,-2.4],[134.1,-1.7],[134.3,-1.35],[134,-0.7],[133.4,-0.7],[132.7,-0.35],[132.1,-0.45],[131.9,-0.7],[131.25,-0.8],[131.2,-1.5],[131.55,-1.5],[131.95,-1.7],[132.05,-2.1],[132.7,-2.3],[133.3,-2.2],[133.85,-2.2],[133.75,-2.5],[133.05,-2.5],[132.75,-2.8],[132.35,-2.95],[132.85,-3.45],[132.8,-3.95],[133.25,-4.05],[133.6,-3.55],[134.45,-3.9],[134.8,-4.25],[135.2,-4.45],[135.95,-4.5],[136.8,-4.95],[137.25,-5],[137.7,-5.2],[138.25,-5.9],[138.45,-6.4],[138.8,-6.8],[138.7,-7.2],[139.1,-7.55],[139,-7.85],[138.9,-7.9],[138.9,-8.05],[138.9,-8.1],[138.85,-8.1],[138.85,-8.15],[139.35,-8.2],[139.95,-8.1],[141,-9.1],[141,-6.9],[140.85,-6.7],[141,-6.35],[141,-4.6],[140.95,-2.6]]],[[[109.9,-7.85],[110.5,-8.1],[111.65,-8.35],[111.8,-8.25],[112.65,-8.45],[113.2,-8.3],[113.7,-8.55],[114.2,-8.65],[114.35,-8.4],[114.45,-7.85],[114,-7.6],[113.3,-7.8],[112.75,-7.55],[112.6,-7],[112.05,-6.9],[111.5,-6.6],[111.15,-6.7],[111.05,-6.45],[110.75,-6.45],[110.55,-6.85],[110.35,-6.95],[109.55,-6.85],[108.9,-6.85],[108.6,-6.75],[108.55,-6.5],[108.2,-6.25],[107.45,-6.15],[107.35,-6],[107,-6.1],[106.5,-6.05],[106.05,-5.9],[105.8,-6.45],[105.45,-6.8],[105.95,-6.8],[106.3,-7],[106.5,-7.4],[107.4,-7.5],[107.7,-7.65],[108.35,-7.8],[108.55,-7.7],[109.35,-7.7],[109.9,-7.85]]],[[[119.85,-0.85],[119.75,-0.65],[119.35,-1.2],[119.35,-1.95],[119.15,-2.45],[118.75,-2.8],[118.95,-3.55],[119.3,-3.45],[119.6,-3.95],[119.65,-4.3],[119.35,-5.35],[119.65,-5.7],[120.3,-5.5],[120.25,-5.15],[120.4,-4.55],[120.35,-3.95],[120.45,-3.75],[120.25,-2.95],[120.8,-2.6],[121.05,-2.75],[121.05,-3.2],[120.9,-3.55],[121.55,-4.25],[121.5,-4.65],[122,-4.85],[122.1,-4.5],[122.6,-4.4],[122.7,-4.1],[122.45,-3.75],[122.2,-3.55],[122.4,-3.15],[122,-2.7],[121.7,-1.9],[121.8,-1.7],[122.35,-1.5],[122.8,-0.9],[123.4,-1],[123.45,-0.75],[123.25,-0.55],[122.9,-0.75],[122.2,-0.75],[122.1,-0.95],[121.5,-0.85],[121.05,-1.4],[120.7,-1.4],[120.6,-1.1],[120.1,-0.65],[120,-0.2],[120.15,0.2],[120.4,0.5],[120.9,0.4],[121.7,0.5],[121.8,0.45],[122.3,0.5],[123,0.5],[123.25,0.3],[123.75,0.3],[124.3,0.4],[124.9,0.95],[125.15,1.4],[124.85,1.5],[124.55,1.35],[124.3,1.05],[123.95,0.85],[122.95,0.95],[122.85,0.8],[122.45,1],[121.65,1.05],[121.45,1.25],[120.95,1.35],[120.55,0.8],[120.05,0.75],[119.8,0.2],[119.75,-0.45],[119.85,-0.85]]],[[[100.95,1.85],[100.55,2.15],[100.2,2.7],[99.75,3.2],[98.3,4.1],[98.3,4.45],[98.05,4.55],[97.9,4.9],[97.5,5.25],[96.65,5.2],[96.15,5.3],[95.9,5.5],[95.4,5.65],[95.2,5.55],[95.45,4.85],[96.45,3.85],[96.75,3.75],[97.6,2.85],[97.65,2.4],[98.55,1.95],[99.1,0.6],[99.15,0.25],[99.6,0.1],[99.8,-0.3],[100.3,-0.8],[100.4,-1.25],[100.9,-2.05],[101.1,-2.6],[101.35,-2.75],[101.65,-3.25],[102.2,-3.65],[102.3,-4],[103.4,-4.85],[103.7,-4.95],[104.3,-5.65],[104.6,-5.5],[105.1,-5.8],[105.3,-5.45],[105.6,-5.8],[105.8,-5.85],[105.9,-4.45],[105.8,-4.25],[105.95,-3.85],[105.8,-3.65],[106.05,-3.25],[106,-2.95],[105.8,-2.85],[105.6,-2.4],[104.9,-2.3],[104.65,-2.05],[104.45,-1.55],[104.4,-1.05],[103.85,-1.05],[103.4,-0.75],[103.5,-0.1],[103.8,0],[103.7,0.3],[103.35,0.55],[103.05,0.45],[102.9,0.75],[102.55,0.75],[102.25,1],[102.1,1.4],[101.8,1.65],[101.4,1.75],[101.3,2.05],[100.9,2.3],[100.95,1.85]]],[[[120.8,-9.95],[120.45,-9.65],[119.65,-9.35],[119.15,-9.4],[119.05,-9.7],[119.5,-9.75],[120,-10],[120.15,-10.2],[120.7,-10.2],[120.8,-9.95]]],[[[116.65,-8.3],[116.4,-8.2],[116.05,-8.45],[116,-8.9],[116.5,-8.8],[116.75,-8.4],[116.65,-8.3]]],[[[119.2,-8.6],[119,-8.3],[118.45,-8.25],[118.1,-8.1],[117.8,-8.7],[117.55,-8.4],[117.2,-8.35],[116.8,-8.6],[116.75,-9],[117,-9.1],[118.3,-8.75],[118.45,-8.85],[119.2,-8.6]]],[[[123.05,-8.3],[122.3,-8.65],[121.85,-8.45],[121.5,-8.6],[121,-8.35],[120.3,-8.25],[119.9,-8.45],[119.8,-8.8],[120.6,-8.8],[120.9,-8.95],[121.8,-8.9],[122.1,-8.75],[122.8,-8.6],[123.05,-8.3]]],[[[115.6,-8.3],[115.2,-8.05],[114.7,-8.15],[114.65,-8.4],[115.25,-8.7],[115.6,-8.5],[115.6,-8.3]]],[[[99.25,-1.65],[98.9,-0.9],[98.6,-1.2],[98.9,-1.7],[99.25,-1.65]]],[[[103.05,0.8],[102.55,1.15],[102.55,0.8],[103.05,0.8]]],[[[96.5,2.4],[95.9,2.9],[95.7,2.8],[96.3,2.35],[96.5,2.4]]],[[[125.15,-8.2],[124.45,-8.15],[124.4,-8.45],[125.1,-8.35],[125.15,-8.2]]],[[[126.85,-7.75],[126.65,-7.55],[126.35,-7.7],[126.4,-7.95],[126.85,-7.75]]],[[[138.95,-7.55],[138.8,-7.35],[138.25,-7.45],[138.05,-7.6],[137.65,-8.4],[138.45,-8.4],[138.65,-8.15],[138.8,-8.1],[138.9,-8.1],[138.9,-7.95],[139,-7.85],[139.05,-7.55],[138.95,-7.55]]],[[[131.7,-7.25],[131.55,-7.15],[131.1,-7.75],[131.35,-7.95],[131.65,-7.6],[131.7,-7.25]]],[[[114.05,-6.9],[113.9,-6.85],[112.9,-6.9],[112.75,-7.15],[113.55,-7.25],[114.05,-6.9]]],[[[134.5,-6.6],[134.1,-6.15],[134.05,-6.85],[134.3,-6.85],[134.5,-6.6]]],[[[134.75,-6.15],[134.7,-5.55],[134.5,-5.45],[134.3,-6.1],[134.6,-6.35],[134.75,-6.15]]],[[[122.8,-4.9],[122.75,-4.65],[122.4,-4.75],[122.3,-5.35],[122.55,-5.45],[122.8,-4.9]]],[[[123.15,-5.25],[123,-5.1],[122.55,-5.5],[122.85,-5.7],[123.15,-5.25]]],[[[127.25,-3.45],[127.1,-3.2],[126.4,-3.05],[126,-3.25],[126.15,-3.6],[126.75,-3.85],[127.25,-3.6],[127.25,-3.45]]],[[[130.85,-3.55],[130.6,-3.1],[129.45,-2.8],[129.1,-2.95],[128.85,-2.85],[128.2,-2.85],[128.5,-3.45],[128.9,-3.2],[129.5,-3.45],[129.55,-3.3],[130.8,-3.85],[130.85,-3.55]]],[[[108.3,-2.85],[108.05,-2.6],[107.65,-2.55],[107.6,-3],[107.75,-3.2],[108.2,-3.15],[108.3,-2.85]]],[[[125.3,-1.8],[124.65,-1.65],[124.4,-1.65],[124.4,-2],[125.3,-1.8]]],[[[136.85,-1.75],[136.2,-1.65],[136.25,-1.9],[136.85,-1.75]]],[[[106.75,-2.55],[106.35,-2.45],[106.15,-1.9],[105.9,-1.5],[105.45,-1.55],[105.3,-2.15],[105.8,-2.15],[106,-2.8],[106.6,-2.95],[106.75,-2.55]]],[[[128.15,-1.6],[127.6,-1.35],[127.55,-1.75],[128.05,-1.7],[128.15,-1.6]]],[[[136.4,-1.1],[136.2,-1.05],[135.85,-0.7],[135.35,-0.65],[135.85,-1.1],[136.15,-1.2],[136.4,-1.1]]],[[[97.95,1],[97.35,1.55],[97.25,1.3],[97.4,0.95],[97.9,0.65],[97.95,1]]],[[[127.65,-0.2],[127.9,0],[127.95,0.5],[128.7,0.35],[128.7,0.55],[128.3,0.65],[128.3,0.9],[128.7,1.05],[128.7,1.55],[128.2,1.35],[127.85,1.85],[127.6,1.75],[127.4,1.25],[127.55,0.4],[127.7,0.3],[127.65,-0.2]]],[[[128.7,2.5],[128.45,2.6],[128.2,2.25],[128.55,2.1],[128.7,2.5]]]]},"properties":{"name":"Indonesia","ISO3166-1-Alpha-3":"IDN","ISO3166-1-Alpha-2":"ID"}},
{"type":"Feature","geometry":{"type":"MultiPolygon","coordinates":[[[[102.05,6.25],[101.8,5.75],[101.55,5.9],[101.1,5.65],[101.1,6.25],[100.4,6.5],[100.15,6.45],[100.35,6],[100.45,5.3],[100.6,4.85],[100.55,4.3],[100.7,3.85],[101.3,3.25],[101.3,2.9],[102.2,2.2],[102.5,2.1],[103.35,1.55],[103.5,1.3],[103.85,1.5],[104.3,1.45],[103.95,2.35],[103.45,2.95],[103.5,3.5],[103.35,3.75],[103.5,4.35],[103.45,4.8],[103.1,5.4],[102.5,5.9],[102.3,6.2],[102.05,6.25]]],[[[115.15,4.9],[115.05,4.8],[115,4.9],[114.75,4.75],[114.85,4.35],[114.6,4],[114.25,4.5],[114,4.6],[113.95,4.25],[113.45,3.75],[112.95,3.15],[112,2.9],[111.45,2.7],[111.35,2.35],[110.95,1.5],[110.35,1.7],[109.95,1.7],[109.65,2.1],[109.55,1.9],[109.7,1.55],[110.25,1.05],[110.55,0.85],[111.2,1.1],[111.8,1],[112.1,1.15],[112.2,1.45],[112.45,1.55],[113,1.55],[113.65,1.25],[113.9,1.45],[114.5,1.45],[114.85,1.9],[114.8,2.25],[115.15,2.5],[115.05,2.85],[115.45,3.05],[115.65,4.15],[115.9,4.35],[117.15,4.35],[117.55,4.15],[118.55,4.35],[118.15,4.9],[118.35,5.05],[118.7,4.95],[119.15,5.1],[118.95,5.45],[118.4,5.8],[117.65,5.95],[117.75,6.4],[116.95,6.7],[116.75,7],[116.5,6.5],[116.2,6.2],[115.85,5.55],[115.55,5.55],[115.35,5.3],[115.55,5.05],[115.15,4.9]]]]},"properties":{"name":"Malaysia","ISO3166-1-Alpha-3":"MYS","ISO3166-1-Alpha-2":"MY"}},
{"type":"Feature","geometry":{"type":"MultiPolygon","coordinates":[[[[-69.5,-17.5],[-69.85,-17.75],[-69.8,-18],[-69.95,-18.25],[-70.4,-18.35],[-70.3,-19.3],[-70.1,-20.05],[-70.2,-20.75],[-70.05,-21.45],[-70.15,-21.65],[-70.3,-22.9],[-70.55,-23.05],[-70.5,-23.8],[-70.6,-24.5],[-70.45,-25.35],[-70.7,-25.85],[-70.65,-26.3],[-70.8,-27],[-70.95,-27.15],[-70.9,-27.6],[-71.15,-27.95],[-71.15,-28.35],[-71.5,-28.95],[-71.3,-29.4],[-71.3,-29.9],[-71.65,-30.25],[-71.7,-30.6],[-71.4,-32.35],[-71.65,-33.5],[-72.05,-34.15],[-72.05,-34.65],[-72.25,-35.1],[-72.65,-35.55],[-73,-36.7],[-73.3,-37.2],[-73.65,-37.35],[-73.65,-37.7],[-73.45,-38.1],[-73.55,-38.4],[-73.3,-39.1],[-73.25,-39.5],[-73.7,-39.95],[-73.95,-40.95],[-73.65,-41.75],[-73.2,-41.8],[-72.95,-41.5],[-72.65,-41.7],[-72.85,-41.9],[-72.85,-42.85],[-72.75,-43],[-73.1,-43.45],[-73,-43.75],[-73.3,-44.1],[-72.7,-44.5],[-72.75,-44.75],[-73.45,-45.25],[-73.55,-45.9],[-73.75,-46.25],[-74.2,-45.8],[-74.7,-46],[-75.7,-46.65],[-75.1,-46.65],[-74.25,-46.8],[-73.95,-47.05],[-74.3,-47.2],[-74.75,-47.7],[-73.7,-47.8],[-73.9,-48],[-74.4,-48],[-74.2,-48.45],[-74.4,-48.6],[-74.4,-49.35],[-74.25,-50.1],[-74.55,-50.1],[-74.15,-50.75],[-74.25,-50.95],[-73.55,-52.05],[-73.55,-52.45],[-72.95,-53],[-72.65,-52.5],[-72.15,-52.65],[-73.2,-53.25],[-72.45,-53.3],[-71.55,-52.85],[-71.25,-53],[-72.45,-53.4],[-72.05,-53.7],[-71.25,-53.85],[-70.95,-53.75],[-70.8,-52.8],[-69.25,-52.2],[-68.45,-52.35],[-69.95,-52],[-71.9,-52],[-72.3,-51.7],[-72.4,-51.15],[-72.3,-50.65],[-73.1,-50.75],[-73.55,-50.15],[-73.45,-49.75],[-73.45,-49.3],[-73.1,-49.25],[-73,-49],[-72.6,-48.8],[-72.35,-48.3],[-72.55,-47.9],[-72,-47.2],[-71.95,-46.8],[-71.7,-46.7],[-71.8,-45.75],[-71.3,-45.3],[-71.6,-45],[-71.1,-44.55],[-71.8,-44.4],[-71.65,-43.95],[-71.95,-43.45],[-71.75,-43.2],[-72.15,-43],[-72.1,-42.25],[-71.75,-42.1],[-71.95,-41.6],[-71.85,-40.95],[-71.95,-40.7],[-71.4,-39.25],[-71.4,-38.95],[-70.85,-38.7],[-71.2,-37.7],[-71.15,-36.7],[-71.05,-36.5],[-70.4,-36.05],[-70.4,-35.15],[-70.25,-34.6],[-69.85,-34.25],[-69.9,-33.65],[-69.8,-33.4],[-70.1,-33.2],[-70,-32.9],[-70.3,-32.3],[-70.25,-31.95],[-70.6,-31.55],[-70.35,-31.05],[-70.2,-30.5],[-69.9,-30.3],[-69.95,-29.7],[-70.05,-29.35],[-69.8,-29.1],[-69.65,-28.4],[-69.15,-27.9],[-68.8,-27.1],[-68.35,-27.05],[-68.55,-26.55],[-68.4,-26.2],[-68.6,-25.45],[-68.35,-25.1],[-68.55,-24.75],[-68.25,-24.4],[-67.35,-24.05],[-67,-23],[-67.2,-22.8],[-67.9,-22.85],[-67.85,-22.55],[-68.1,-21.95],[-68.2,-21.3],[-68.5,-20.65],[-68.7,-20.5],[-68.8,-20.1],[-68.5,-19.45],[-69,-18.95],[-69.15,-18.05],[-69.3,-18],[-69.5,-17.5]]],[[[-68.65,-54.8],[-68.65,-52.65],[-69.15,-52.7],[-69.6,-52.5],[-70.45,-53.3],[-70.15,-53.75],[-70.05,-54.25],[-70.85,-54.3],[-71.3,-54.7],[-70.25,-54.85],[-69.8,-54.8],[-69.05,-54.95],[-68.65,-54.9],[-68.65,-54.8]]],[[[-68,-55.65],[-68.45,-54.95],[-69.9,-55.05],[-69.6,-55.35],[-68,-55.65]]],[[[-67.9,-55.25],[-67.4,-55.2],[-67.3,-54.95],[-67.95,-54.9],[-67.9,-55.25]]],[[[-72.55,-54.1],[-72.2,-53.8],[-72.65,-53.55],[-73.6,-53.6],[-72.55,-54.1]]],[[[-75.2,-49.75],[-74.85,-50],[-74.4,-49.7],[-74.55,-48.7],[-75.05,-48.85],[-74.95,-49.3],[-75.45,-49.35],[-75.2,-49.75]]],[[[-73.4,-44.6],[-73.15,-44.9],[-72.7,-44.55],[-73,-44.35],[-73.4,-44.6]]],[[[-74.35,-43.3],[-73.9,-43.4],[-73.5,-42.8],[-73.8,-42.6],[-73.5,-42.15],[-73.55,-41.85],[-74.05,-41.95],[-74.15,-42.65],[-74.35,-43.3]]]]},"properties":{"name":"Chile","ISO3166-1-Alpha-3":"CHL","ISO3166-1-Alpha-2":"CL"}},
{"type":"Feature","geometry":{"type":"Polygon","coordinates":[[[-69.5,-17.5],[-69.3,-18],[-69.15,-18.05],[-69,-18.95],[-68.5,-19.45],[-68.8,-20.1],[-68.7,-20.5],[-68.5,-20.65],[-68.2,-21.3],[-68.1,-21.95],[-67.85,-22.55],[-67.9,-22.85],[-67.2,-22.8],[-66.75,-22.25],[-66.4,-22.15],[-66.25,-21.8],[-65.75,-22.1],[-65,-22.1],[-64.6,-22.2],[-64.3,-22.7],[-63.95,-22],[-62.8,-22],[-62.65,-22.25],[-62.3,-21.05],[-62.3,-20.6],[-61.95,-20.1],[-61.75,-19.65],[-60,-19.3],[-59.1,-19.3],[-58.2,-19.8],[-58.15,-20.15],[-57.85,-20],[-58.1,-19.75],[-57.8,-19.05],[-57.55,-18.2],[-57.8,-17.55],[-58.4,-17.25],[-58.45,-16.35],[-60.15,-16.25],[-60.25,-15.5],[-60.3,-14.65],[-60.45,-14.1],[-60.45,-13.8],[-60.9,-13.55],[-61.85,-13.55],[-62.2,-13.1],[-62.8,-13],[-63.1,-12.65],[-63.25,-12.7],[-63.8,-12.45],[-64.4,-12.45],[-64.45,-12.25],[-65,-12],[-65.35,-11.4],[-65.3,-11],[-65.45,-10.45],[-65.3,-10.2],[-65.3,-9.85],[-65.8,-9.75],[-66.65,-9.9],[-67.05,-10.25],[-67.35,-10.35],[-67.75,-10.7],[-68.1,-10.7],[-68.3,-11],[-68.6,-11.1],[-69.6,-10.95],[-68.7,-12.5],[-69,-12.85],[-69,-13.75],[-68.9,-14.2],[-69.25,-14.6],[-69.4,-14.95],[-69.15,-15.25],[-69.4,-15.65],[-69.2,-16.15],[-69,-16.4],[-69.45,-17.1],[-69.5,-17.5]]]},"properties":{"name":"Bolivia","ISO3166-1-Alpha-3":"BOL","ISO3166-1-Alpha-2":"BO"}},
{"type":"Feature","geometry":{"type":"Polygon","coordinates":[[[-69.5,-17.5],[-69.45,-17.1],[-69,-16.4],[-69.2,-16.15],[-69.4,-15.65],[-69.15,-15.25],[-69.4,-14.95],[-69.25,-14.6],[-68.9,-14.2],[-69,-13.75],[-69,-12.85],[-68.7,-12.5],[-69.6,-10.95],[-69.95,-10.9],[-70.3,-11.05],[-70.65,-11],[-70.7,-9.55],[-71.4,-10],[-72.2,-10],[-72.45,-9.5],[-73.2,-9.4],[-72.95,-9.1],[-73.15,-8.7],[-73.55,-8.35],[-73.7,-7.8],[-73.95,-7.6],[-73.75,-7.35],[-73.75,-6.9],[-73.15,-6.45],[-73.25,-6.1],[-73,-5.7],[-72.9,-5.15],[-72.65,-5],[-72.05,-4.6],[-71.75,-4.5],[-70.95,-4.4],[-70.85,-4.2],[-70.45,-4.15],[-69.95,-4.25],[-70.3,-3.85],[-70.75,-3.8],[-70.05,-2.7],[-70.85,-2.25],[-71.2,-2.35],[-71.75,-2.15],[-71.95,-2.35],[-72.4,-2.45],[-72.95,-2.4],[-73.2,-2.2],[-73.2,-1.8],[-73.55,-1.65],[-73.65,-1.25],[-74.3,-0.95],[-74.4,-0.55],[-74.8,-0.15],[-75.3,-0.1],[-75.25,-0.55],[-75.55,-1.5],[-76.1,-2.15],[-76.7,-2.55],[-77.85,-3],[-78.35,-3.5],[-78.7,-4.35],[-79,-4.95],[-79.3,-4.95],[-79.5,-4.55],[-80.1,-4.3],[-80.4,-4.5],[-80.5,-4],[-80.15,-3.9],[-80.35,-3.4],[-80.75,-3.7],[-81.25,-4.25],[-81.35,-4.7],[-81.05,-5],[-81.2,-5.2],[-80.85,-5.65],[-81.1,-6.05],[-79.95,-6.8],[-79.6,-7.25],[-79.45,-7.7],[-79,-8.2],[-78.95,-8.45],[-78.5,-9.2],[-78.05,-10.35],[-77.65,-10.95],[-77.65,-11.3],[-77.3,-11.5],[-77.15,-12.05],[-76.8,-12.5],[-76.2,-13.35],[-76.3,-14.15],[-75.95,-14.65],[-75.55,-14.9],[-75.15,-15.4],[-74.05,-15.95],[-73.7,-16.2],[-72.7,-16.65],[-71.8,-17.2],[-71.5,-17.3],[-71.35,-17.65],[-70.4,-18.35],[-69.95,-18.25],[-69.8,-18],[-69.85,-17.75],[-69.5,-17.5]]]},"properties":{"name":"Peru","ISO3166-1-Alpha-3":"PER","ISO3166-1-Alpha-2":"PE"}},
{"type":"Feature","geometry":{"type":"MultiPolygon","coordinates":[[[[-67.2,-22.8],[-67,-23],[-67.35,-24.05],[-68.25,-24.4],[-68.55,-24.75],[-68.35,-25.1],[-68.6,-25.45],[-68.4,-26.2],[-68.55,-26.55],[-68.35,-27.05],[-68.8,-27.1],[-69.15,-27.9],[-69.65,-28.4],[-69.8,-29.1],[-70.05,-29.35],[-69.95,-29.7],[-69.9,-30.3],[-70.2,-30.5],[-70.35,-31.05],[-70.6,-31.55],[-70.25,-31.95],[-70.3,-32.3],[-70,-32.9],[-70.1,-33.2],[-69.8,-33.4],[-69.9,-33.65],[-69.85,-34.25],[-70.25,-34.6],[-70.4,-35.15],[-70.4,-36.05],[-71.05,-36.5],[-71.15,-36.7],[-71.2,-37.7],[-70.85,-38.7],[-71.4,-38.95],[-71.4,-39.25],[-71.95,-40.7],[-71.85,-40.95],[-71.95,-41.6],[-71.75,-42.1],[-72.1,-42.25],[-72.15,-43],[-71.75,-43.2],[-71.95,-43.45],[-71.65,-43.95],[-71.8,-44.4],[-71.1,-44.55],[-71.6,-45],[-71.3,-45.3],[-71.8,-45.75],[-71.7,-46.7],[-71.95,-46.8],[-72,-47.2],[-72.55,-47.9],[-72.35,-48.3],[-72.6,-48.8],[-73,-49],[-73.1,-49.25],[-73.05,-49.55],[-73.45,-49.75],[-73.55,-50.15],[-73.1,-50.75],[-72.3,-50.65],[-72.4,-51.15],[-72.3,-51.7],[-71.9,-52],[-69.95,-52],[-68.45,-52.35],[-68.95,-51.65],[-69.15,-51],[-68.9,-50.35],[-68.1,-50.1],[-67.75,-49.8],[-67.55,-49],[-67.1,-48.65],[-66.45,-48.4],[-65.85,-47.95],[-65.75,-47.2],[-66.8,-47],[-67.4,-46.55],[-67.6,-46.15],[-67.35,-45.6],[-66.85,-45.25],[-66.2,-45],[-65.6,-45.05],[-65.7,-44.7],[-65.2,-44.35],[-65.35,-43.65],[-64.5,-42.95],[-65,-42.8],[-64.6,-42.5],[-64.3,-42.55],[-64.1,-42.9],[-63.6,-42.75],[-63.6,-42.35],[-63.8,-42.05],[-64.55,-42.45],[-65.05,-42],[-65,-41.55],[-65.2,-41],[-64.95,-40.7],[-63.8,-41.15],[-63.1,-41.15],[-62.35,-40.85],[-62.25,-40.6],[-62.5,-40.3],[-62.05,-39.45],[-62.35,-39.1],[-62.05,-38.95],[-61.5,-39],[-60.85,-39],[-59.05,-38.7],[-58.15,-38.45],[-57.6,-38.15],[-57.5,-37.85],[-57.05,-37.4],[-56.65,-36.85],[-56.7,-36.4],[-57.25,-36.15],[-57.35,-35.75],[-57.15,-35.5],[-57.5,-35],[-58.15,-34.75],[-58.5,-34.45],[-58.4,-34.2],[-58.55,-33.7],[-58.4,-33.1],[-58.15,-33.05],[-58.2,-32.45],[-58.15,-31.85],[-58,-31.55],[-57.8,-30.9],[-57.85,-30.5],[-57.65,-30.2],[-57.6,-30.2],[-57.35,-30],[-56.4,-29.05],[-55.75,-28.25],[-55.05,-27.85],[-54.85,-27.55],[-53.8,-27.15],[-53.65,-26.2],[-53.9,-25.65],[-54.6,-25.55],[-54.7,-26.45],[-55,-26.8],[-55.4,-27],[-55.75,-27.45],[-56.1,-27.3],[-56.55,-27.45],[-57.2,-27.5],[-58,-27.25],[-58.65,-27.15],[-58.25,-26.75],[-58.1,-26.15],[-57.55,-25.45],[-57.75,-25.2],[-58.2,-24.95],[-58.8,-24.8],[-60.05,-24],[-60.35,-24],[-61,-23.8],[-61.95,-23.05],[-62.3,-22.5],[-62.65,-22.25],[-62.8,-22],[-63.95,-22],[-64.3,-22.7],[-64.6,-22.2],[-65,-22.1],[-65.75,-22.1],[-66.25,-21.8],[-66.4,-22.15],[-66.75,-22.25],[-67.2,-22.8]]],[[[-68.65,-54.8],[-67.05,-54.9],[-66.55,-55.05],[-65.95,-54.9],[-65.85,-54.65],[-66.5,-54.45],[-68,-53.6],[-68.25,-53],[-68.65,-52.65],[-68.65,-54.8]]]]},"properties":{"name":"Argentina","ISO3166-1-Alpha-3":"ARG","ISO3166-1-Alpha-2":"AR"}},
{"type":"Feature","geometry":{"type":"Polygon","coordinates":[[[33.8,35],[33.9,34.95],[33.9,35.05],[33.7,35.05],[33.7,35],[33.7,34.95],[33.8,35]]]},"properties":{"name":"Dhekelia Sovereign Base Area","ISO3166-1-Alpha-3":"-99","ISO3166-1-Alpha-2":"-99"}},
{"type":"Feature","geometry":{"type":"MultiPolygon","coordinates":[[[[33.7,35],[33.4,35.15],[32.9,35.05],[32.7,35.2],[32.65,35.2],[32.6,35.15],[32.4,34.75],[32.75,34.65],[32.85,34.7],[33,34.65],[33.6,34.8],[33.7,34.95],[33.7,35]]],[[[33.9,35.05],[33.9,34.95],[34,35.05],[33.9,35.05]]]]},"properties":{"name":"Cyprus","ISO3166-1-Alpha-3":"CYP","ISO3166-1-Alpha-2":"CY"}},
{"type":"Feature","geometry":{"type":"MultiPolygon","coordinates":[[[[77.8,35.5],[77.05,35.1],[76.55,34.75],[76,34.7],[75.8,34.5],[74.3,34.75],[73.95,34.65],[73.75,34.35],[74,34.2],[74.15,33.55],[74,33.2],[75,32.45],[75.3,32.15],[74.85,32.05],[74.5,31.7],[74.6,31.45],[74.35,30.9],[73.85,30.35],[73.95,30.2],[73.35,29.95],[73.25,29.55],[72.9,29],[72.4,28.8],[71.85,27.95],[70.85,27.7],[70.35,28],[69.6,27.2],[69.45,26.8],[69.8,26.6],[70.15,26.55],[70.05,26],[70.65,25.45],[71.05,24.7],[70.75,24.25],[70.55,24.4],[69.95,24.15],[69.55,24.3],[68.75,24.3],[68.7,23.95],[68.2,23.85],[68.55,23.25],[69.25,22.85],[69.7,22.75],[70.4,22.95],[70.2,22.55],[69.6,22.35],[68.95,22.4],[69,22.2],[70.05,21.15],[70.55,20.8],[71,20.7],[72.1,21.2],[72.3,21.65],[72.15,21.8],[72.3,22.2],[72.55,22.3],[72.6,21.25],[72.95,20.75],[72.65,19.85],[73,18.3],[73.25,17.3],[73.3,16.5],[73.45,16.05],[73.9,15.45],[74.1,14.8],[74.25,14.7],[74.6,13.85],[74.8,12.85],[75.15,12.2],[75.55,11.7],[75.85,11.1],[76.2,10.15],[76.35,9.9],[76.3,9.5],[76.55,8.9],[77,8.35],[77.5,8.1],[78.05,8.35],[78.2,8.85],[78.45,9.1],[78.95,9.25],[79,9.65],[79.4,10.3],[79.85,10.4],[79.85,11.15],[79.75,11.6],[79.85,12],[80.15,12.45],[80.35,13.2],[80.1,13.5],[80.25,13.85],[80.1,14.25],[80.2,14.55],[80.05,15],[80.25,15.65],[80.7,15.9],[81,15.85],[81.3,16.35],[81.75,16.3],[82.3,16.6],[82.3,17.05],[82.45,17.2],[83.25,17.6],[83.6,18.05],[84.1,18.25],[84.85,19.2],[85.55,19.7],[86.25,19.9],[86.75,20.45],[87,20.65],[86.85,21.1],[87.2,21.55],[87.7,21.65],[87.95,21.85],[88.4,21.6],[88.75,21.55],[89.05,22.15],[88.85,22.95],[88.55,23.65],[88.75,24.3],[88.5,24.3],[88,24.65],[88.45,25.15],[88.9,25.15],[88.75,25.5],[88.55,25.5],[88.05,25.9],[88.15,26.15],[88.65,26.4],[88.8,26.25],[89.35,26],[89.85,25.9],[89.8,25.35],[90.35,25.15],[92,25.2],[92.45,24.95],[92.25,24.8],[92.1,24.4],[91.6,24.1],[91.35,24.1],[91.15,23.6],[91.3,23.15],[91.55,23],[92.15,23.75],[92.35,23.3],[92.6,22],[93.15,22.25],[93.1,22.75],[93.35,23.15],[93.45,23.95],[94,23.9],[94.7,25.05],[94.6,25.4],[95,25.75],[95.15,26.05],[95.1,26.6],[95.4,26.7],[96.15,27.25],[96.75,27.35],[96.85,27.6],[97.2,27.9],[97.3,28.2],[97.1,28.35],[96.35,28.5],[96.6,28.7],[96.15,29.35],[95.75,29.35],[95.2,29.05],[94.65,29.3],[94.25,28.95],[93.85,28.7],[93.45,28.65],[92.65,28.1],[92.55,27.85],[92.05,27.75],[91.65,27.85],[91.6,27.55],[92,27.45],[92.05,26.85],[90.6,26.8],[90.4,26.9],[89.8,26.7],[88.95,26.9],[88.9,27.3],[88.75,27.55],[88.85,27.85],[88.6,28.1],[88.1,27.85],[87.95,27.1],[88.15,26.75],[88.05,26.45],[87.35,26.35],[86.7,26.4],[86.3,26.6],[85.8,26.55],[85.6,26.85],[85.3,26.75],[84.8,27],[84.6,27.35],[84.1,27.5],[83.85,27.45],[82.75,27.5],[82.05,27.9],[81.85,27.85],[81.3,28.1],[81.15,28.35],[80.65,28.6],[80.35,28.6],[80.05,28.85],[80.3,29.25],[80.35,29.75],[81,30.2],[80.25,30.55],[79.85,30.95],[79.4,31.05],[79.25,31.35],[78.75,31.35],[78.75,31.95],[78.45,32.25],[78.65,32.6],[78.95,32.35],[79.45,32.55],[79.45,33.25],[78.8,33.45],[78.75,34.1],[79,34.3],[78.25,34.65],[77.8,35.5]]],[[[93.05,13.3],[92.85,13.35],[92.7,12.35],[93,12.5],[93.05,13.3]]]]},"properties":{"name":"India","ISO3166-1-Alpha-3":"IND","ISO3166-1-Alpha-2":"IN"}},
{"type":"Feature","geometry":{"type":"MultiPolygon","coordinates":[[[[77.8,35.5],[78.25,34.65],[79,34.3],[78.75,34.1],[78.8,33.45],[79.45,33.25],[79.45,32.55],[78.95,32.35],[78.65,32.6],[78.45,32.25],[78.75,31.95],[78.75,31.35],[79.25,31.35],[79.4,31.05],[79.85,30.95],[80.25,30.55],[81,30.2],[81.2,30],[81.6,30.4],[82.1,30.35],[82.15,30.05],[82.55,29.9],[82.85,29.65],[83.15,29.65],[83.5,29.2],[84.1,29.25],[84.25,28.9],[85.1,28.3],[85.7,28.3],[86,27.9],[86.45,27.9],[86.65,28.1],[87.15,27.85],[88.1,27.85],[88.6,28.1],[88.85,27.85],[88.75,27.55],[88.9,27.3],[89.05,27.6],[89.55,28.15],[90.25,28.35],[90.7,28.1],[91.25,28.05],[91.65,27.85],[92.05,27.75],[92.55,27.85],[92.65,28.1],[93.45,28.65],[93.85,28.7],[94.25,28.95],[94.65,29.3],[95.2,29.05],[95.75,29.35],[96.15,29.35],[96.6,28.7],[96.35,28.5],[97.1,28.35],[97.3,28.2],[97.55,28.55],[98.1,28.15],[98.4,27.7],[98.7,27.6],[98.75,26.75],[98.7,25.9],[97.75,25.1],[97.55,24.75],[97.7,24.15],[97.9,24],[98.5,24.1],[98.85,23.6],[98.9,23.3],[99.2,23.05],[99.35,22.5],[99.15,22.2],[99.95,22.05],[99.95,21.7],[100.6,21.45],[101.05,21.75],[101.15,21.55],[101.3,21.15],[101.7,21.3],[101.75,21.8],[101.5,22.25],[101.65,22.45],[102.1,22.4],[102.45,22.75],[103,22.45],[103.3,22.8],[103.65,22.8],[103.85,22.6],[104.75,22.85],[104.8,23.1],[105.35,23.3],[105.85,22.9],[106.65,22.85],[106.55,22.45],[106.7,22],[107.35,21.6],[107.75,21.65],[108,21.5],[108.45,21.65],[109.15,21.6],[109.2,21.4],[109.9,21.5],[109.65,21.1],[109.75,20.65],[110.15,20.25],[110.55,20.5],[110.15,21],[111.2,21.55],[111.65,21.55],[112,21.75],[112.6,21.8],[112.85,21.95],[113.6,22.25],[114.1,22.55],[114.25,22.55],[114.7,22.8],[115.35,22.7],[116.5,22.95],[116.9,23.65],[117.1,23.55],[117.9,24.05],[118.15,24.6],[118.55,24.55],[119.1,25.4],[119.55,25.55],[119.7,26.6],[120.1,26.65],[120.5,27.2],[120.85,27.95],[121.25,28.3],[121.65,28.35],[121.5,28.65],[121.85,29.15],[122,29.8],[121.4,30.35],[121,30.55],[121.4,30.75],[122,30.9],[121.75,31.3],[121.3,31.5],[121.8,31.95],[121.45,32.1],[121.35,32.4],[120.9,32.65],[120.9,33],[120.4,33.85],[120.25,34.3],[119.65,34.55],[119.2,35.05],[119.65,35.6],[120.25,35.95],[120.7,36.15],[120.75,36.45],[122.05,37],[122.55,36.95],[122.55,37.3],[122.15,37.5],[121.5,37.45],[120.75,37.85],[120.45,37.75],[119.45,37.1],[118.95,37.3],[119,37.6],[119.25,37.75],[118.85,38.15],[118.1,38.15],[117.55,38.6],[117.7,39.1],[118.05,39.2],[118.35,39.05],[118.95,39.15],[119.3,39.45],[119.55,39.9],[120.45,40.2],[121,40.85],[121.35,40.95],[122.05,40.75],[122.3,40.5],[121.45,39.5],[121.65,39.1],[123.6,39.85],[124,39.8],[124.35,40.1],[124.9,40.5],[125.75,40.9],[126,40.9],[126.9,41.8],[127.25,41.5],[128.2,41.4],[128.3,41.6],[128.05,42],[128.95,42.1],[129.25,42.4],[129.7,42.45],[129.9,43],[130.25,42.9],[130.55,42.55],[130.4,42.75],[131,42.85],[131.3,43.4],[131.25,44.05],[131.05,44.7],[131.8,45.35],[132.95,45],[133.2,45.5],[133.4,45.55],[133.7,46.15],[133.9,46.25],[134.15,47.25],[134.75,47.7],[134.4,48.4],[133.1,48.1],[132.5,47.7],[131,47.7],[130.65,48.1],[130.8,48.3],[130.55,48.65],[129.7,49.25],[129.05,49.4],[128.65,49.6],[128.1,49.55],[127.5,49.8],[127.6,50.2],[127.35,50.35],[127.3,50.75],[126.95,51.05],[126.95,51.35],[126.45,52],[126.55,52.15],[125.6,53.05],[124.7,53.15],[123.65,53.55],[122.35,53.5],[120.85,53.3],[120.3,52.85],[120.8,52.1],[120.1,51.65],[119.75,51.1],[119.3,50.6],[119.3,50.1],[118.65,49.95],[117.75,49.5],[116.7,49.8],[115.5,48.1],[115.85,47.7],[116.25,47.85],[116.85,47.85],[117.3,47.65],[117.75,48],[118.55,47.95],[119.7,47.15],[119.9,46.85],[119.7,46.6],[118.8,46.75],[118.25,46.7],[117.3,46.35],[116.6,46.3],[116,45.7],[115.65,45.45],[114.55,45.4],[114.05,44.95],[113.65,44.75],[112.6,44.9],[112,45.1],[111.75,44.95],[111.4,44.4],[111.95,43.7],[110.95,43.3],[110.4,42.75],[109.5,42.45],[108.8,42.4],[108.2,42.45],[106.75,42.3],[105.85,42],[105,41.6],[104.5,41.65],[104.5,41.85],[103.7,41.75],[103.05,42],[102.05,42.2],[101.65,42.5],[100,42.7],[99.45,42.55],[97.2,42.8],[96.35,42.75],[95.9,43.2],[95.4,44.3],[94.7,44.35],[94,44.65],[93.55,44.95],[92.75,45.05],[91.65,45.05],[90.9,45.2],[90.65,45.5],[91,46],[91.05,46.55],[90.45,47.5],[89.55,48.05],[89.05,48],[88.55,48.35],[87.95,48.6],[87.8,49.15],[87.3,49.1],[86.9,49.1],[86.55,48.55],[85.8,48.4],[85.5,47.9],[85.65,47.4],[85.5,47.05],[84.9,46.85],[84.65,47],[83.9,46.95],[83.15,47.2],[82.85,46.75],[82.3,45.55],[82.6,45.2],[81.95,45.15],[81.75,45.35],[80.85,45.15],[80.05,45],[80.4,44.65],[80.35,44.1],[80.7,43.45],[80.75,43.1],[80.35,43.05],[80.15,42.6],[80.2,42.2],[80.2,42],[79.3,41.8],[78.35,41.4],[78.05,41.05],[76.85,41],[76.45,40.4],[75.7,40.3],[75.55,40.65],[75.2,40.45],[74.85,40.5],[74.35,40.1],[74,40.05],[73.65,39.45],[73.8,39],[73.8,38.6],[74.35,38.65],[74.8,38.5],[74.8,38.1],[75.15,37.4],[74.9,37.25],[74.55,37],[75.35,36.9],[76,36.45],[75.9,36.1],[76.15,35.8],[76.55,35.85],[76.8,35.65],[77.4,35.45],[77.8,35.5]]],[[[111,19.7],[110.95,20],[110.65,20.1],[110.1,20],[109.3,19.9],[109.15,19.65],[108.65,19.3],[108.7,18.5],[109.45,18.3],[110.45,18.7],[110.7,19.4],[111,19.7]]]]},"properties":{"name":"China","ISO3166-1-Alpha-3":"CHN","ISO3166-1-Alpha-2":"CN"}},
{"type":"Feature","geometry":{"type":"Polygon","coordinates":[[[34.25,31.2],[34.9,29.5],[34.95,29.55],[35.15,30.45],[35.45,31.1],[35.45,31.5],[34.85,31.4],[35.05,31.85],[34.95,32.2],[35.2,32.55],[35.55,32.4],[35.75,32.75],[35.9,32.95],[35.8,33.4],[35.5,33.1],[35.1,33.1],[34.85,32.3],[34.5,31.6],[34.25,31.2]]]},"properties":{"name":"Israel","ISO3166-1-Alpha-3":"ISR","ISO3166-1-Alpha-2":"IL"}},
{"type":"Feature","geometry":{"type":"MultiPolygon","coordinates":[[[[34.5,31.6],[34.2,31.3],[34.25,31.2],[34.5,31.6]]],[[[35.55,32.4],[35.2,32.55],[34.95,32.2],[35.05,31.85],[34.85,31.4],[35.45,31.5],[35.55,31.75],[35.55,32.4]]]]},"properties":{"name":"Palestine","ISO3166-1-Alpha-3":"PSE","ISO3166-1-Alpha-2":"PS"}},
{"type":"Feature","geometry":{"type":"Polygon","coordinates":[[[35.1,33.1],[35.5,33.1],[35.8,33.4],[36.05,33.8],[36.6,34.2],[36.25,34.65],[35.95,34.65],[35.65,34.2],[35.6,33.9],[35.1,33.1]]]},"properties":{"name":"Lebanon","ISO3166-1-Alpha-3":"LBN","ISO3166-1-Alpha-2":"LB"}},
{"type":"Feature","geometry":{"type":"Polygon","coordinates":[[[34.05,9.45],[34.1,8.65],[33.95,8.45],[33.15,8.4],[33.05,7.8],[33.7,7.65],[34.5,6.75],[34.75,6.65],[35.1,5.6],[35.8,5.3],[35.8,4.75],[35.9,4.6],[36.05,4.45],[36.85,4.45],[38.1,3.6],[38.5,3.6],[39.45,3.45],[39.85,3.85],[40.75,4.3],[41.1,3.95],[41.9,4],[42.15,4.2],[42.8,4.3],[43.1,4.65],[43.95,4.95],[44.95,4.9],[46.4,6.5],[48,8],[47,8],[45.5,8.5],[44,9],[43.4,9.4],[42.85,10.2],[42.7,10.65],[42.9,11],[42.6,11.1],[41.8,10.95],[41.75,11.55],[42.4,12.45],[41.95,12.9],[41.7,13.25],[41.2,13.6],[40.85,14.1],[40.1,14.45],[39.5,14.5],[38.45,14.4],[37.9,14.9],[37.55,14.1],[37.3,14.45],[37.05,14.3],[36.55,14.25],[36.4,13.55],[36.25,13.35],[36.1,12.7],[35.6,12.6],[35.2,11.9],[34.95,11.25],[34.95,10.85],[34.6,10.9],[34.3,10.55],[34.3,10.25],[34.05,9.45]]]},"properties":{"name":"Ethiopia","ISO3166-1-Alpha-3":"ETH","ISO3166-1-Alpha-2":"ET"}},
{"type":"Feature","geometry":{"type":"Polygon","coordinates":[[[35.9,4.6],[35.8,4.75],[35.8,5.3],[35.1,5.6],[34.75,6.65],[34.5,6.75],[33.7,7.65],[33.05,7.8],[33.15,8.4],[33.95,8.45],[34.1,8.65],[34.05,9.45],[33.9,10.2],[33.2,10.85],[33.1,11.6],[33.2,12.2],[32.75,12.2],[32.75,12],[32.1,12],[32.35,11.7],[32.4,11.05],[31.95,10.65],[31.65,10.2],[31.25,9.8],[30.75,9.75],[30,10.25],[29.6,10.05],[29.5,9.75],[29,9.6],[28.85,9.3],[28.05,9.35],[27.9,9.6],[27.1,9.6],[26.55,9.5],[25.9,10.2],[25.85,10.4],[25.1,10.3],[24.8,9.8],[24.55,8.9],[24.15,8.7],[24.15,8.35],[24.85,8.15],[25.3,7.65],[25.35,7.35],[26.05,7],[26.4,6.65],[26.3,6.4],[26.55,6.05],[27.15,5.7],[27.3,5.2],[27.45,5.05],[27.75,4.6],[28.4,4.3],[28.75,4.55],[29.3,4.4],[29.5,4.65],[30.1,4.1],[30.55,3.85],[30.85,3.5],[31.15,3.8],[31.5,3.65],[31.8,3.8],[31.95,3.6],[33,3.9],[33.55,3.75],[34,4.2],[34.4,4.6],[35.25,5],[35.55,4.9],[35.6,4.6],[35.9,4.6]]]},"properties":{"name":"South Sudan","ISO3166-1-Alpha-3":"SSD","ISO3166-1-Alpha-2":"SS"}},
{"type":"Feature","geometry":{"type":"Polygon","coordinates":[[[48,8],[46.4,6.5],[44.95,4.9],[43.95,4.95],[43.1,4.65],[42.8,4.3],[42.15,4.2],[41.9,4],[41.35,3.2],[40.95,2.8],[40.95,0.6],[41,-0.85],[41.5,-1.55],[41.55,-1.7],[42.1,-0.85],[43.45,0.6],[44.55,1.55],[46.05,2.45],[46.65,3],[47.95,4.45],[48.2,4.9],[48.65,5.5],[49.05,6.15],[49.05,6.4],[49.35,7.05],[49.8,7.75],[49.85,7.95],[50.3,8.5],[50.4,8.85],[50.85,9.45],[50.95,10.35],[51.15,10.7],[51.1,11.5],[51.3,11.85],[50.8,12],[50.25,11.6],[49.6,11.45],[48.95,11.25],[48.95,9.45],[48,8]]]},"properties":{"name":"Somalia","ISO3166-1-Alpha-3":"SOM","ISO3166-1-Alpha-2":"SO"}},
{"type":"Feature","geometry":{"type":"Polygon","coordinates":[[[35.9,4.6],[35.6,4.6],[35.55,4.9],[35.25,5],[34.4,4.6],[34,4.2],[34.3,3.7],[34.45,3.2],[34.9,2.5],[35,1.7],[34.8,1.25],[34.5,1.1],[33.9,0.1],[33.95,-0.15],[33.9,-1],[34.05,-1.05],[35.4,-1.8],[37.65,-3.05],[37.6,-3.4],[37.75,-3.65],[39.2,-4.7],[39.55,-4.4],[39.85,-3.65],[40.15,-3.25],[40.15,-2.75],[40.85,-2.35],[40.9,-2.1],[41.3,-1.95],[41.55,-1.7],[41.5,-1.55],[41,-0.85],[40.95,0.6],[40.95,2.8],[41.35,3.2],[41.9,4],[41.1,3.95],[40.75,4.3],[39.85,3.85],[39.45,3.45],[38.5,3.6],[38.1,3.6],[36.85,4.45],[36.05,4.45],[35.9,4.6]]]},"properties":{"name":"Kenya","ISO3166-1-Alpha-3":"KEN","ISO3166-1-Alpha-2":"KE"}},
{"type":"Feature","geometry":{"type":"Polygon","coordinates":[[[34.95,-11.55],[34.6,-11],[34.65,-10.75],[34.5,-9.95],[34,-9.5],[33.4,-9.6],[32.9,-9.4],[33.2,-9.75],[33.65,-10.6],[33.3,-10.8],[33.4,-11.15],[33.25,-11.4],[33.25,-12.05],[33.35,-12.5],[33,-12.6],[33,-13.2],[32.7,-13.55],[33.05,-14],[33.2,-14],[33.6,-14.5],[34.35,-14.4],[34.5,-14.6],[34.55,-15.25],[34.25,-15.9],[34.4,-16.2],[35.3,-17.1],[35.2,-16.5],[35.35,-16.15],[35.8,-16],[35.8,-15.2],[35.85,-14.65],[35.45,-14.15],[34.9,-13.55],[34.55,-13.35],[34.5,-12.7],[34.35,-12.2],[34.65,-11.55],[34.95,-11.55]]]},"properties":{"name":"Malawi","ISO3166-1-Alpha-3":"MWI","ISO3166-1-Alpha-2":"MW"}},
{"type":"Feature","geometry":{"type":"Polygon","coordinates":[[[32.9,-9.4],[33.4,-9.6],[34,-9.5],[34.5,-9.95],[34.65,-10.75],[34.6,-11],[34.95,-11.55],[35.65,-11.6],[35.85,-11.4],[36.2,-11.7],[37.05,-11.6],[37.45,-11.7],[37.8,-11.55],[37.9,-11.3],[38.25,-11.3],[38.5,-11.4],[38.9,-11.15],[39.3,-11.15],[40,-10.8],[40.45,-10.45],[40.25,-10.2],[39.8,-9.95],[39.65,-9.2],[39.5,-9.1],[39.3,-8.3],[39.45,-8],[39.3,-7.45],[39.55,-7.1],[39.45,-6.85],[38.85,-6.35],[38.8,-6.05],[39.15,-5.1],[39.2,-4.7],[37.75,-3.65],[37.6,-3.4],[37.65,-3.05],[35.4,-1.8],[34.05,-1.05],[33.9,-1],[32.35,-1],[30.85,-1],[30.45,-1.05],[30.85,-1.6],[30.85,-2.35],[30.55,-2.4],[30.4,-2.85],[30.85,-3.15],[30.45,-3.5],[30,-4.25],[29.75,-4.45],[29.4,-4.45],[29.3,-4.85],[29.6,-5.6],[29.5,-6],[29.75,-6.65],[30.1,-6.9],[30.35,-7.3],[30.75,-8.2],[30.95,-8.55],[31.35,-8.6],[31.65,-8.9],[32.4,-9.15],[32.9,-9.4]]]},"properties":{"name":"United Republic of Tanzania","ISO3166-1-Alpha-3":"TZA","ISO3166-1-Alpha-2":"TZ"}},
{"type":"Feature","geometry":{"type":"Polygon","coordinates":[[[35.75,32.75],[36.35,32.4],[36.8,32.3],[38.75,33.35],[40.7,34.35],[41,34.45],[41.2,34.75],[41.2,35.2],[41.35,35.65],[41.25,36.05],[41.4,36.55],[41.85,36.6],[42.35,37.1],[42,37.2],[41.5,37.1],[40.7,37.1],[39.75,36.75],[39.25,36.65],[38.65,36.7],[38.2,36.9],[37.45,36.65],[37,36.65],[36.65,36.85],[36.6,36.3],[36.15,35.8],[35.9,35.9],[35.8,35.55],[35.95,35.2],[35.95,34.65],[36.25,34.65],[36.6,34.2],[36.05,33.8],[35.8,33.4],[35.9,32.95],[35.75,32.75]]]},"properties":{"name":"Syria","ISO3166-1-Alpha-3":"SYR","ISO3166-1-Alpha-2":"SY"}},
{"type":"Feature","geometry":{"type":"Polygon","coordinates":[[[48.95,11.25],[48.65,11.35],[48.15,11.15],[47.35,11.15],[46.45,10.7],[45.8,10.9],[44.95,10.4],[44.25,10.45],[43.85,10.8],[43.25,11.5],[42.9,11],[42.7,10.65],[42.85,10.2],[43.4,9.4],[44,9],[45.5,8.5],[47,8],[48,8],[48.95,9.45],[48.95,11.25]]]},"properties":{"name":"Somaliland","ISO3166-1-Alpha-3":"-99","ISO3166-1-Alpha-2":"-99"}},
{"type":"Feature","geometry":{"type":"MultiPolygon","coordinates":[[[[-54.6,2.35],[-54.15,2.1],[-53.85,2.3],[-53.35,2.35],[-52.95,2.2],[-52.7,2.35],[-52,3.7],[-51.7,4.05],[-51.95,4.6],[-53,5.45],[-53.95,5.75],[-54.15,5.35],[-54.5,4.9],[-54.35,4.05],[-54,3.6],[-54.2,3.2],[-54.2,2.8],[-54.6,2.35]]],[[[2.5,51.1],[1.6,50.85],[1.5,50.2],[1.15,49.95],[0.25,49.75],[0.25,49.45],[-0.2,49.3],[-1.05,49.4],[-1.4,49.7],[-1.9,49.55],[-1.6,49.2],[-1.6,48.65],[-2.3,48.7],[-2.65,48.55],[-3.1,48.85],[-3.5,48.85],[-4.55,48.65],[-4.45,48],[-2.5,47.55],[-2,47.05],[-2.1,46.8],[-1.8,46.5],[-1.2,46.25],[-1.05,46.05],[-1.25,44.5],[-1.5,43.6],[-1.8,43.4],[-1.25,43.05],[-0.3,42.85],[-0.05,42.7],[1.45,42.6],[1.7,42.5],[2.05,42.35],[3.2,42.45],[3.05,42.95],[3.4,43.3],[3.95,43.55],[4.55,43.35],[5.35,43.35],[6.05,43.1],[6.7,43.2],[6.75,43.4],[7.35,43.7],[7.4,43.75],[7.45,43.75],[7.5,43.8],[7.7,44.1],[7.05,44.25],[6.85,44.5],[7,44.75],[6.6,45.1],[7.05,45.2],[6.8,45.85],[7,45.95],[6.75,46.45],[6.05,46.45],[7.05,47.35],[7.6,47.6],[7.55,48.1],[7.8,48.6],[8.2,48.95],[6.85,49.2],[6.35,49.45],[5.8,49.55],[5.4,49.6],[4.8,49.95],[4.45,49.95],[4,50.35],[2.8,50.7],[2.5,51.1]]],[[[55.8,-21.1],[55.6,-20.85],[55.3,-20.9],[55.35,-21.25],[55.8,-21.1]]],[[[8.55,42.2],[8.7,41.75],[9.2,41.45],[9.55,42.1],[9.55,42.55],[9.1,42.75],[8.65,42.5],[8.55,42.2]]]]},"properties":{"name":"France","ISO3166-1-Alpha-3":"-99","ISO3166-1-Alpha-2":"-99"}},
{"type":"Feature","geometry":{"type":"Polygon","coordinates":[[[-54.6,2.35],[-54.2,2.8],[-54.2,3.2],[-54,3.6],[-54.35,4.05],[-54.5,4.9],[-54.15,5.35],[-54.05,5.85],[-54.75,6],[-55.85,6],[-56,5.8],[-56.95,6],[-57.25,5.5],[-57.3,5.05],[-57.7,5],[-58.05,4.15],[-57.85,3.65],[-57.55,3.35],[-57.3,3.35],[-57.15,2.8],[-56.7,2.05],[-56.5,1.95],[-56,1.85],[-55.95,2.05],[-56.1,2.35],[-55,2.6],[-54.6,2.35]]]},"properties":{"name":"Suriname","ISO3166-1-Alpha-3":"SUR","ISO3166-1-Alpha-2":"SR"}},
{"type":"Feature","geometry":{"type":"Polygon","coordinates":[[[-56.5,1.95],[-56.7,2.05],[-57.15,2.8],[-57.3,3.35],[-57.55,3.35],[-57.85,3.65],[-58.05,4.15],[-57.7,5],[-57.3,5.05],[-57.25,5.5],[-57.15,6.1],[-58.05,6.8],[-58.4,6.9],[-58.45,7.3],[-59.15,8.05],[-60,8.55],[-59.8,8.3],[-60,8.05],[-60.5,7.8],[-60.75,7.55],[-60.4,6.95],[-61.2,6.6],[-61.1,6.2],[-61.4,5.9],[-60.75,5.2],[-60.2,5.25],[-60,5.1],[-60.1,4.6],[-59.7,4.4],[-59.55,3.95],[-59.85,3.6],[-60,2.7],[-59.75,2.25],[-59.75,1.9],[-59.25,1.4],[-58.9,1.2],[-58.5,1.25],[-58.35,1.6],[-57.55,1.7],[-57.1,2],[-56.8,1.85],[-56.5,1.95]]]},"properties":{"name":"Guyana","ISO3166-1-Alpha-3":"GUY","ISO3166-1-Alpha-2":"GY"}},
{"type":"Feature","geometry":{"type":"MultiPolygon","coordinates":[[[[128.35,38.6],[128.05,38.3],[127.15,38.3],[126.65,37.85],[126.55,37.75],[126.75,37.05],[126.35,36.8],[126.75,35.9],[126.35,35.25],[126.45,35.05],[126.25,34.65],[126.8,34.45],[127.3,34.45],[128,35],[128.45,34.85],[128.55,35.1],[129.2,35.15],[129.45,35.5],[129.55,36.05],[129.4,36.2],[129.45,36.75],[129.35,37.3],[128.65,38.15],[128.35,38.6]]],[[[126.95,33.5],[126.3,33.45],[126.3,33.2],[126.85,33.3],[126.95,33.5]]]]},"properties":{"name":"South Korea","ISO3166-1-Alpha-3":"KOR","ISO3166-1-Alpha-2":"KR"}},
{"type":"Feature","geometry":{"type":"Polygon","coordinates":[[[128.35,38.6],[127.4,39.35],[127.5,39.75],[128,40.05],[128.3,40.05],[129.2,40.7],[129.75,40.9],[129.7,41.65],[130.05,42.1],[130.7,42.3],[130.55,42.55],[130.25,42.9],[129.9,43],[129.7,42.45],[129.25,42.4],[128.95,42.1],[128.05,42],[128.3,41.6],[128.2,41.4],[127.25,41.5],[126.9,41.8],[126,40.9],[125.75,40.9],[124.9,40.5],[124.35,40.1],[124.45,39.85],[125.25,39.6],[125.45,39.3],[124.9,38.35],[125,37.9],[125.6,37.8],[126.65,37.85],[127.15,38.3],[128.05,38.3],[128.35,38.6]]]},"properties":{"name":"North Korea","ISO3166-1-Alpha-3":"PRK","ISO3166-1-Alpha-2":"KP"}},
{"type":"Feature","geometry":{"type":"Polygon","coordinates":[[[-17,21.4],[-15.75,21.5],[-14.85,21.45],[-14.65,21.85],[-14.2,22.3],[-14,23.4],[-13.75,23.8],[-13.3,24],[-13.05,24.4],[-12.45,24.85],[-12.05,26.05],[-11.7,26.1],[-11.35,26.65],[-11.4,26.9],[-10.9,27],[-10.25,26.85],[-9.75,26.85],[-9.4,27.1],[-8.75,27.2],[-8.7,27.65],[-8.7,28.65],[-7.6,29.4],[-7.15,29.5],[-5.75,29.6],[-5.55,29.5],[-5.25,29.9],[-4.35,30.5],[-3.65,30.7],[-3.55,30.95],[-3.8,31.2],[-3.65,31.65],[-2.85,31.8],[-2.95,32.05],[-2.5,32.15],[-1.25,32.1],[-1.2,32.4],[-1.65,33.25],[-1.65,34.1],[-1.85,34.6],[-1.8,34.75],[-2.2,35.1],[-2.9,35.3],[-2.95,35.35],[-3.4,35.2],[-3.65,35.3],[-4.4,35.15],[-4.75,35.25],[-5.25,35.6],[-5.35,35.85],[-5.4,35.9],[-5.95,35.8],[-6.3,34.9],[-6.8,34.05],[-7.5,33.65],[-8.25,33.4],[-9.25,32.6],[-9.35,32.05],[-9.85,31.4],[-9.8,30.8],[-9.6,30.4],[-9.65,30.15],[-10.15,29.45],[-10.55,29],[-11.05,28.75],[-11.5,28.35],[-12.05,28.1],[-12.95,27.9],[-13.15,27.7],[-13.6,26.7],[-14.4,26.25],[-14.8,25.45],[-14.9,24.7],[-15.6,24.05],[-16.3,22.9],[-16.5,22.3],[-16.7,22.3],[-16.95,21.8],[-17,21.4]]]},"properties":{"name":"Morocco","ISO3166-1-Alpha-3":"MAR","ISO3166-1-Alpha-2":"MA"}},
{"type":"Feature","geometry":{"type":"Polygon","coordinates":[[[-8.7,27.65],[-8.75,27.2],[-9.4,27.1],[-9.75,26.85],[-10.25,26.85],[-10.9,27],[-11.4,26.9],[-11.35,26.65],[-11.7,26.1],[-12.05,26.05],[-12.45,24.85],[-13.05,24.4],[-13.3,24],[-13.75,23.8],[-14,23.4],[-14.2,22.3],[-14.65,21.85],[-14.85,21.45],[-15.75,21.5],[-17,21.4],[-17.05,20.75],[-16.95,21.35],[-15,21.35],[-13,21.35],[-13.1,22.5],[-13,23],[-12.6,23.25],[-12,23.5],[-12,26],[-10.2,26],[-8.7,26],[-8.7,27.3],[-8.7,27.65]]]},"properties":{"name":"Western Sahara","ISO3166-1-Alpha-3":"ESH","ISO3166-1-Alpha-2":"EH"}},
{"type":"Feature","geometry":{"type":"Polygon","coordinates":[[[-83.7,10.95],[-83.95,10.7],[-84.7,11.05],[-84.95,10.95],[-85.65,11.2],[-85.7,11.1],[-85.65,10.6],[-85.85,10.35],[-85.65,9.9],[-85.15,9.6],[-84.85,9.8],[-84.5,9.5],[-83.9,9.3],[-83.65,9.05],[-83.75,8.6],[-83.6,8.45],[-83.15,8.35],[-82.9,8.05],[-82.95,8.25],[-82.75,8.95],[-82.95,9.05],[-82.95,9.45],[-82.55,9.6],[-82.75,9.65],[-83.45,10.5],[-83.65,10.95],[-83.7,10.95]]]},"properties":{"name":"Costa Rica","ISO3166-1-Alpha-3":"CRI","ISO3166-1-Alpha-2":"CR"}},
{"type":"Feature","geometry":{"type":"Polygon","coordinates":[[[-85.7,11.1],[-85.65,11.2],[-84.95,10.95],[-84.7,11.05],[-83.95,10.7],[-83.7,10.95],[-83.85,11.35],[-83.65,11.6],[-83.65,12.25],[-83.75,12.55],[-83.5,12.9],[-83.55,13.3],[-83.45,13.95],[-83.2,14.4],[-83.3,14.75],[-83.15,15],[-83.4,15.05],[-83.85,14.8],[-84.5,14.6],[-84.75,14.8],[-85.45,14.15],[-85.8,13.85],[-86.1,14.05],[-86.4,13.75],[-86.75,13.75],[-86.7,13.3],[-86.95,13.05],[-87.3,13],[-87.65,12.85],[-86.8,12.2],[-86.5,11.75],[-85.7,11.1]]]},"properties":{"name":"Nicaragua","ISO3166-1-Alpha-3":"NIC","ISO3166-1-Alpha-2":"NI"}},
{"type":"Feature","geometry":{"type":"Polygon","coordinates":[[[18.65,3.5],[18.5,3.6],[17.85,3.55],[17.35,3.6],[16.55,3.45],[16.5,2.85],[16.2,2.25],[15.75,1.9],[15.1,2],[14.55,2.2],[14.25,2.15],[13.3,2.15],[13.15,1.6],[13.25,1.2],[13.8,1.45],[14.2,1.4],[14.45,0.9],[14.25,0.55],[13.85,0.2],[13.9,-0.05],[14.5,-0.65],[14.4,-1],[14.5,-1.4],[14.25,-1.95],[14.25,-2.3],[13.9,-2.5],[13.75,-2.1],[13.35,-2.45],[13,-2.3],[12.8,-1.9],[12.4,-1.9],[12.45,-2.35],[12.05,-2.4],[11.55,-2.35],[11.7,-3.15],[11.85,-3.55],[11.2,-3.7],[11.1,-3.95],[11.8,-4.6],[12,-5],[12.4,-4.6],[12.75,-4.4],[13.05,-4.65],[13.35,-4.8],[13.7,-4.7],[14.35,-4.3],[14.4,-4.85],[14.85,-4.8],[15.2,-4.35],[15.55,-4.05],[15.9,-3.95],[16.2,-3.35],[16.25,-2.15],[16.5,-1.85],[16.85,-1.25],[17.3,-1],[17.75,-0.5],[17.7,-0.2],[17.95,0.35],[17.85,1],[18.05,1.55],[18.05,2.15],[18.6,3.15],[18.65,3.5]]]},"properties":{"name":"Republic of the Congo","ISO3166-1-Alpha-3":"COG","ISO3166-1-Alpha-2":"CG"}},
{"type":"Feature","geometry":{"type":"Polygon","coordinates":[[[18.65,3.5],[18.6,3.15],[18.05,2.15],[18.05,1.55],[17.85,1],[17.95,0.35],[17.7,-0.2],[17.75,-0.5],[17.3,-1],[16.85,-1.25],[16.5,-1.85],[16.25,-2.15],[16.2,-3.35],[15.9,-3.95],[15.55,-4.05],[15.2,-4.35],[14.85,-4.8],[14.4,-4.85],[14.35,-4.3],[13.7,-4.7],[13.35,-4.8],[13.05,-4.65],[12.85,-4.7],[12.55,-5.15],[12.5,-5.75],[12.2,-5.75],[12.45,-6.05],[12.8,-5.85],[13.2,-5.85],[14.7,-5.9],[16.3,-5.85],[16.6,-5.9],[16.75,-6.55],[16.95,-6.9],[17,-7.3],[17.55,-8],[18.1,-8.1],[18.2,-8],[19.35,-8],[19.5,-7],[20.3,-7],[20.5,-7.3],[21.8,-7.3],[21.85,-7.6],[21.75,-8],[21.95,-8.4],[21.85,-8.85],[21.85,-9.6],[22.15,-9.95],[22.3,-10.35],[22.15,-10.85],[22.3,-11.25],[22.55,-11.05],[23,-11.1],[23.95,-10.85],[24.4,-11.1],[24.3,-11.4],[25.3,-11.2],[25.35,-11.65],[26,-11.9],[26.65,-12],[26.95,-11.85],[27.4,-11.9],[27.65,-12.3],[27.95,-12.3],[28.4,-12.5],[29.15,-13.45],[29.55,-13.25],[29.8,-13.4],[29.8,-12.15],[29.45,-12.35],[29.05,-12.4],[28.5,-11.85],[28.45,-11.35],[28.65,-10.5],[28.65,-9.8],[28.35,-9.25],[28.75,-8.95],[28.9,-8.45],[30.75,-8.2],[30.35,-7.3],[30.1,-6.9],[29.75,-6.65],[29.5,-6],[29.6,-5.6],[29.3,-4.85],[29.4,-4.45],[29.2,-3.9],[29.25,-3.05],[29,-2.7],[28.85,-2.4],[29.15,-2.15],[29.15,-1.8],[29.6,-1.4],[29.55,-0.9],[29.7,0.1],[29.95,0.5],[29.95,0.8],[30.25,1.15],[30.5,1.25],[31.25,2.05],[31.2,2.3],[30.7,2.45],[30.85,2.9],[30.75,3.05],[30.85,3.5],[30.55,3.85],[30.1,4.1],[29.5,4.65],[29.3,4.4],[28.75,4.55],[28.4,4.3],[27.75,4.6],[27.45,5.05],[27.1,5.2],[26.45,5.05],[25.6,5.35],[25.3,5.05],[24.65,4.9],[24.45,5.1],[24.15,4.9],[23.4,4.6],[22.9,4.8],[22.5,4.15],[21.55,4.25],[20.85,4.45],[20.6,4.4],[20.35,4.75],[19.7,5.15],[19.4,5.15],[19.1,4.9],[18.7,4.4],[18.65,3.5]]]},"properties":{"name":"Democratic Republic of the Congo","ISO3166-1-Alpha-3":"COD","ISO3166-1-Alpha-2":"CD"}},
{"type":"Feature","geometry":{"type":"Polygon","coordinates":[[[91.65,27.85],[91.25,28.05],[90.7,28.1],[90.25,28.35],[89.55,28.15],[89.05,27.6],[88.9,27.3],[88.95,26.9],[89.8,26.7],[90.4,26.9],[90.6,26.8],[92.05,26.85],[92,27.45],[91.6,27.55],[91.65,27.85]]]},"properties":{"name":"Bhutan","ISO3166-1-Alpha-3":"BTN","ISO3166-1-Alpha-2":"BT"}},
{"type":"Feature","geometry":{"type":"Polygon","coordinates":[[[31.75,52.1],[30.95,52],[30.15,51.5],[29.15,51.6],[28.35,51.55],[27.5,51.6],[25.75,51.95],[24.4,51.9],[23.6,51.5],[24.1,50.55],[23.1,49.95],[22.65,49.55],[22.55,49.05],[22.15,48.4],[22.9,47.95],[23.35,48],[24.55,47.95],[24.9,47.7],[25.25,47.9],[26.15,48],[26.6,48.25],[27.75,48.45],[28.2,48.2],[29.1,48],[29.1,47.55],[29.55,47.3],[29.55,46.95],[29.95,46.7],[29.75,46.45],[28.95,46.45],[28.95,46],[28.2,45.45],[28.7,45.25],[29.3,45.45],[29.65,45.2],[29.95,45.85],[30.5,46.1],[31,46.6],[31.85,46.65],[32.25,46.15],[33.65,46.1],[33.85,46.2],[34.7,45.95],[35,45.75],[34.8,46.15],[35.3,46.3],[35.9,46.65],[36.9,46.8],[37.6,47.1],[38.2,47.1],[38.35,47.6],[38.9,47.85],[39.75,47.85],[40,48.25],[39.75,48.9],[40.15,49.25],[39.55,49.7],[38.35,50],[38,49.9],[37.45,50.4],[36.7,50.25],[35.45,50.5],[35.35,50.9],[34.95,51.2],[34.3,51.35],[34.4,51.8],[33.8,52.35],[32.55,52.3],[32.1,52.05],[31.75,52.1]]]},"properties":{"name":"Ukraine","ISO3166-1-Alpha-3":"UKR","ISO3166-1-Alpha-2":"UA"}},
{"type":"Feature","geometry":{"type":"Polygon","coordinates":[[[23.6,51.5],[24.4,51.9],[25.75,51.95],[27.5,51.6],[28.35,51.55],[29.15,51.6],[30.15,51.5],[30.95,52],[31.75,52.1],[31.4,53.2],[32.2,53.1],[32.7,53.45],[32.5,53.65],[31.75,53.8],[31.75,54.1],[31.3,54.25],[31.15,54.6],[30.75,54.8],[31,55.05],[30.9,55.55],[30.2,55.85],[29.45,55.7],[29.4,55.95],[28.15,56.15],[27.6,55.8],[27,55.85],[26.6,55.65],[26.15,54.95],[25.8,54.85],[25.55,54.35],[24.8,54],[23.5,53.95],[23.9,53.15],[23.85,52.65],[23.15,52.3],[23.65,52.1],[23.6,51.5]]]},"properties":{"name":"Belarus","ISO3166-1-Alpha-3":"BLR","ISO3166-1-Alpha-2":"BY"}},
{"type":"Feature","geometry":{"type":"Polygon","coordinates":[[[16.5,-28.55],[16.75,-28.45],[16.9,-28.1],[17.35,-28.25],[17.4,-28.7],[18.15,-28.9],[18.75,-28.85],[19.1,-28.95],[19.55,-28.55],[20,-28.4],[20,-26.9],[20,-24.75],[20,-22],[20.95,-22],[21,-19.9],[21,-18.3],[21.5,-18.3],[23,-18],[23.3,-18],[23.65,-18.45],[24.2,-18.05],[24.6,-18.05],[24.95,-17.8],[25.25,-17.8],[24.95,-17.55],[24.2,-17.5],[23.4,-17.65],[21.4,-18],[20.8,-18.05],[20.35,-17.85],[20.05,-17.9],[19,-17.8],[18.75,-17.75],[18.45,-17.4],[16.35,-17.4],[13.95,-17.4],[13.35,-16.95],[12.9,-17.05],[12.55,-17.25],[12.1,-17.15],[11.75,-17.25],[11.7,-17.55],[11.85,-18.15],[12.05,-18.5],[12.3,-18.7],[13.15,-20.15],[13.4,-20.8],[13.85,-21.45],[13.95,-21.8],[14.4,-22.3],[14.5,-22.55],[14.45,-24.15],[14.8,-24.8],[14.85,-25.75],[14.95,-26.35],[15.25,-26.95],[15.3,-27.3],[15.7,-27.95],[16.5,-28.55]]]},"properties":{"name":"Namibia","ISO3166-1-Alpha-3":"NAM","ISO3166-1-Alpha-2":"NA"}},
{"type":"Feature","geometry":{"type":"Polygon","coordinates":[[[20,-24.75],[20,-26.9],[20,-28.4],[19.55,-28.55],[19.1,-28.95],[18.75,-28.85],[18.15,-28.9],[17.4,-28.7],[17.35,-28.25],[16.9,-28.1],[16.75,-28.45],[16.5,-28.55],[16.8,-29.1],[17.3,-30.35],[17.9,-31.35],[18.15,-31.65],[18.35,-32.25],[18.25,-32.65],[17.85,-32.85],[18.3,-33.5],[18.5,-33.9],[18.85,-34.15],[18.8,-34.35],[19.3,-34.4],[19.65,-34.75],[19.95,-34.8],[20.5,-34.45],[20.95,-34.35],[21.7,-34.4],[22.3,-34.05],[22.65,-34],[23.4,-34.1],[23.65,-34],[24.6,-34.2],[25.1,-33.95],[25.6,-34.05],[25.95,-33.7],[26.5,-33.75],[27.4,-33.35],[27.9,-33.05],[28.85,-32.3],[29.4,-31.75],[30,-31.3],[30.4,-30.85],[31.2,-29.55],[31.75,-28.95],[32.4,-28.55],[32.55,-28.2],[32.7,-27.5],[32.9,-26.85],[32.1,-26.85],[31.95,-27.3],[31.15,-27.2],[30.8,-26.7],[30.8,-26.4],[31.1,-25.9],[31.45,-25.75],[31.95,-25.95],[32,-24.4],[31.5,-23.4],[31.55,-23.15],[31.3,-22.4],[30.85,-22.3],[30.3,-22.35],[29.75,-22.15],[29.35,-22.2],[29.05,-22.2],[28.9,-22.45],[28.35,-22.6],[27.95,-22.95],[27,-23.65],[26.85,-24.25],[26.4,-24.65],[25.85,-24.75],[25.6,-25.6],[24.8,-25.85],[23.9,-25.65],[23.45,-25.3],[23,-25.3],[22.85,-25.5],[22.7,-26],[21.7,-26.85],[21.1,-26.85],[20.6,-26.7],[20.85,-26.15],[20.8,-25.9],[20.35,-25.05],[20,-24.75]],[[29,-28.9],[29.3,-29.1],[29.45,-29.35],[29.15,-29.65],[29.15,-29.9],[28.35,-30.15],[28.05,-30.65],[27.75,-30.6],[27.35,-30.3],[27,-29.65],[27.25,-29.55],[27.75,-28.9],[28.15,-28.7],[28.65,-28.6],[29,-28.9]]]},"properties":{"name":"South Africa","ISO3166-1-Alpha-3":"ZAF","ISO3166-1-Alpha-2":"ZA"}},
{"type":"Feature","geometry":{"type":"Polygon","coordinates":[[[-63,18.05],[-63,18.1],[-63.1,18.05],[-63,18.05]]]},"properties":{"name":"Saint Martin","ISO3166-1-Alpha-3":"MAF","ISO3166-1-Alpha-2":"MF"}},
{"type":"Feature","geometry":null,"properties":{"name":"Sint Maarten","ISO3166-1-Alpha-3":"SXM","ISO3166-1-Alpha-2":"SX"}},
{"type":"Feature","geometry":{"type":"MultiPolygon","coordinates":[[[[56.1,26.05],[56.3,25.65],[56.4,26],[56.1,26.05]]],[[[56.4,25],[56.1,24.75],[55.8,24.85],[55.8,24.35],[56,24.1],[55.5,23.95],[55.55,23.75],[55.2,23],[55.2,22.7],[55.65,22],[55,20],[53.65,19.55],[52,19],[52.75,17.3],[53.1,16.65],[53.6,16.75],[54,17],[55.05,17],[55.25,17.25],[55.25,17.5],[55.45,17.85],[56.2,17.95],[56.55,18.15],[56.65,18.6],[57.2,18.9],[57.7,18.95],[57.7,19.75],[57.85,20.25],[58.5,20.4],[58.9,21.15],[59.35,21.45],[59.8,22.2],[59.85,22.45],[59.55,22.6],[59.1,23.05],[58.8,23.5],[57.15,23.95],[56.6,24.5],[56.4,25]]]]},"properties":{"name":"Oman","ISO3166-1-Alpha-3":"OMN","ISO3166-1-Alpha-2":"OM"}},
{"type":"Feature","geometry":{"type":"Polygon","coordinates":[[[70.95,40.25],[71.35,40.3],[71.65,40.15],[72.1,40.45],[72.35,40.4],[72.6,40.9],[72.15,41.15],[71.6,41.3],[71.3,41.1],[70.75,41.25],[70.15,41.6],[70.85,41.95],[70.95,42.25],[70.3,42.05],[69.85,41.7],[69.05,41.4],[68.45,40.6],[68.05,40.8],[67.95,41.2],[66.8,41.15],[66.7,41.2],[66.5,42],[66,42],[66.1,43],[65.8,42.9],[65.5,43.3],[64.95,43.7],[64.45,43.55],[63.2,43.65],[62.05,43.5],[61.15,44.15],[61.05,44.4],[58.55,45.55],[56,45],[56,43.6],[56,41.3],[57,41.25],[56.95,41.85],[57.4,42.15],[57.85,42.2],[58,42.5],[58.6,42.8],[59.5,42.3],[59.85,42.3],[60.15,41.6],[60.4,41.25],[61.9,41.1],[62.05,40.7],[62.35,40.45],[62.45,40],[64.1,38.95],[64.35,38.95],[65.6,38.25],[65.9,38.25],[66.55,38.05],[66.5,37.35],[67,37.4],[67.25,37.2],[67.8,37.2],[67.85,37.55],[68.35,38.15],[68.05,38.55],[68.1,39],[67.7,39],[67.4,39.2],[67.45,39.5],[67.75,39.6],[68.5,39.55],[68.6,40.2],[69.3,40.2],[69.2,40.55],[70.3,40.9],[70.75,40.7],[70.35,40.45],[70.6,40.2],[70.95,40.25]]]},"properties":{"name":"Uzbekistan","ISO3166-1-Alpha-3":"UZB","ISO3166-1-Alpha-2":"UZ"}},
{"type":"Feature","geometry":{"type":"Polygon","coordinates":[[[87.3,49.1],[86.9,49.35],[86.6,49.8],[86.1,49.5],[85.25,49.6],[85,50.1],[84.25,50.25],[84.1,50.65],[83.45,51],[82.05,50.7],[81.45,50.75],[81.4,50.95],[80.7,51.3],[80.45,50.95],[80,50.8],[79.45,51.5],[77.85,53.25],[76.55,53.95],[76.75,54.35],[75.65,54.1],[75.05,53.8],[74.2,53.6],[73.4,53.5],[73.5,53.85],[72.05,54.2],[71.2,54.1],[71.2,54.75],[70.65,55.3],[70.2,55.15],[69.65,55.35],[68.7,55.35],[68.15,54.95],[66,54.6],[65.5,54.65],[65.2,54.35],[64.6,54.4],[62.55,54.05],[61.2,54],[61,53.65],[61.2,53],[60.7,52.75],[61.05,52.35],[60.15,51.9],[60.5,51.6],[61.45,51.45],[61.6,51.3],[61.35,50.8],[60.7,50.65],[60,50.85],[59.75,50.55],[58.95,50.7],[58.6,51],[57.75,51.1],[56.5,51.05],[55.65,50.55],[54.65,51.05],[54.2,50.95],[53.6,51.4],[53.15,51.5],[52.5,51.5],[52.35,51.75],[51.6,51.5],[50.6,51.65],[50.35,51.3],[49.35,50.85],[48.65,50.6],[48.9,50],[48.4,49.8],[47.6,50.45],[47.3,50.05],[46.9,49.8],[46.75,48.9],[46.5,48.4],[47.1,48.3],[47.05,47.95],[48.05,47.75],[48.55,47.4],[49,46.75],[48.45,46.65],[49.25,46.35],[51.2,47.1],[52.25,46.8],[52.45,47],[52.9,46.95],[53.2,46.7],[53.1,46],[52.55,45.4],[51.4,45.35],[50.95,44.85],[50.3,44.65],[50.25,44.4],[50.85,44.2],[51.3,43.45],[51.95,42.85],[52.55,42.8],[52.75,42.65],[52.4,42.1],[52.45,41.75],[53,42.15],[54.05,42.35],[54.75,42.05],[55.45,41.3],[56,41.3],[56,43.6],[56,45],[58.55,45.55],[61.05,44.4],[61.15,44.15],[62.05,43.5],[63.2,43.65],[64.45,43.55],[64.95,43.7],[65.5,43.3],[65.8,42.9],[66.1,43],[66,42],[66.5,42],[66.7,41.2],[66.8,41.15],[67.95,41.2],[68.05,40.8],[68.45,40.6],[69.05,41.4],[69.85,41.7],[70.3,42.05],[70.95,42.25],[71,42.55],[71.4,42.8],[71.85,42.85],[72.75,42.65],[73.4,42.6],[73.65,43.05],[74.25,43.2],[75.2,42.85],[75.75,42.95],[78.5,42.9],[79.05,42.75],[79.5,42.45],[79.9,42.4],[80.2,42.2],[80.15,42.6],[80.35,43.05],[80.75,43.1],[80.7,43.45],[80.35,44.1],[80.4,44.65],[80.05,45],[80.85,45.15],[81.75,45.35],[81.95,45.15],[82.6,45.2],[82.3,45.55],[82.85,46.75],[83.15,47.2],[83.9,46.95],[84.65,47],[84.9,46.85],[85.5,47.05],[85.65,47.4],[85.5,47.9],[85.8,48.4],[86.55,48.55],[86.9,49.1],[87.3,49.1]],[[63.4,45.55],[62.9,45.75],[62.9,46.2],[63.2,46.35],[63.75,46.3],[63.95,46.05],[63.85,45.75],[63.4,45.55]]]},"properties":{"name":"Kazakhstan","ISO3166-1-Alpha-3":"KAZ","ISO3166-1-Alpha-2":"KZ"}},
{"type":"Feature","geometry":{"type":"Polygon","coordinates":[[[70.95,40.25],[70.6,40.2],[70.35,40.45],[70.75,40.7],[70.3,40.9],[69.2,40.55],[69.3,40.2],[68.6,40.2],[68.5,39.55],[67.75,39.6],[67.45,39.5],[67.4,39.2],[67.7,39],[68.1,39],[68.05,38.55],[68.35,38.15],[67.85,37.55],[67.8,37.2],[68,36.95],[68.3,37.1],[69,37.3],[69.3,37.1],[69.55,37.6],[70.15,37.55],[70.15,37.9],[70.6,38.35],[70.95,38.45],[71.35,38.3],[71.25,37.95],[71.6,37.9],[71.45,37.05],[71.6,36.7],[73.3,37.45],[74.65,37.4],[74.9,37.25],[75.15,37.4],[74.8,38.1],[74.8,38.5],[74.35,38.65],[73.8,38.6],[73.8,39],[73.65,39.45],[73.15,39.35],[72.3,39.35],[71.45,39.6],[71,39.4],[70.6,39.55],[69.3,39.55],[69.3,40],[69.95,40.2],[70.65,40],[70.95,40.25]]]},"properties":{"name":"Tajikistan","ISO3166-1-Alpha-3":"TJK","ISO3166-1-Alpha-2":"TJ"}},
{"type":"Feature","geometry":{"type":"Polygon","coordinates":[[[26.6,55.65],[25.65,56.15],[22.1,56.4],[21.05,56.05],[21.25,55.25],[22.8,54.9],[22.75,54.35],[23.45,54.15],[23.5,53.95],[24.8,54],[25.55,54.35],[25.8,54.85],[26.15,54.95],[26.6,55.65]]]},"properties":{"name":"Lithuania","ISO3166-1-Alpha-3":"LTU","ISO3166-1-Alpha-2":"LT"}},
{"type":"Feature","geometry":{"type":"MultiPolygon","coordinates":[[[[-57.6,-30.2],[-57.2,-30.3],[-56.85,-30.1],[-56,-30.8],[-55.6,-30.85],[-55.25,-31.25],[-54.6,-31.45],[-54.15,-31.9],[-53.75,-32.05],[-53.65,-32.35],[-53.15,-32.75],[-53.5,-33.1],[-53.55,-33.65],[-53.4,-33.75],[-52.6,-33.1],[-52.4,-32.5],[-52.15,-32.2],[-52.25,-31.85],[-51.9,-31.3],[-51.45,-31.1],[-51.1,-30.25],[-50.55,-30.3],[-50.3,-30.45],[-49.8,-29.45],[-49.35,-28.9],[-48.8,-28.6],[-48.55,-27.85],[-48.65,-27.65],[-48.6,-27],[-48.7,-26.7],[-48.6,-26.05],[-48.45,-25.6],[-47.95,-25.2],[-47.85,-24.9],[-47.2,-24.55],[-46.95,-24.3],[-45.85,-23.75],[-45.1,-23.5],[-44.45,-23],[-43.85,-22.9],[-43.55,-23.05],[-43.05,-22.95],[-42.05,-22.95],[-41.95,-22.55],[-41.65,-22.3],[-40.95,-21.95],[-41.05,-21.5],[-40.75,-20.85],[-40.35,-20.5],[-40.05,-19.75],[-39.7,-19.4],[-39.7,-18.5],[-39.5,-18],[-39.2,-17.6],[-39.2,-17.15],[-38.85,-15.85],[-39.05,-14.65],[-38.9,-14],[-39.05,-13.4],[-38.85,-13.15],[-38.75,-12.75],[-38.3,-12.95],[-37.65,-12.05],[-37.45,-11.55],[-36.9,-10.75],[-36.4,-10.5],[-35.85,-9.75],[-35.6,-9.55],[-35.15,-8.9],[-34.8,-7.9],[-34.8,-7.15],[-35.25,-5.5],[-35.5,-5.15],[-36,-5.05],[-36.6,-5.1],[-37.2,-4.9],[-38.1,-4.15],[-38.45,-3.7],[-38.65,-3.7],[-39.35,-3.2],[-40,-2.85],[-40.5,-2.8],[-41.35,-2.9],[-42.45,-2.75],[-42.7,-2.55],[-43.3,-2.35],[-43.5,-2.55],[-44,-2.65],[-44.35,-2.55],[-44.45,-2.95],[-44.7,-3],[-44.45,-2.4],[-44.5,-1.85],[-45.1,-1.45],[-45.8,-1.3],[-46.6,-0.8],[-47.6,-0.6],[-48.15,-0.8],[-48.35,-1.3],[-48.95,-1.6],[-49.25,-1.95],[-49.5,-1.75],[-49.7,-1.9],[-50,-1.85],[-50.35,-1.95],[-50.55,-1.9],[-50.8,-1.45],[-50.8,-1.05],[-52.1,-1.6],[-51.7,-1.05],[-51.7,-0.75],[-51.2,-0.05],[-50.8,0.15],[-50.3,0.8],[-50,1.05],[-49.9,1.65],[-50.45,1.8],[-50.7,2.25],[-51.1,3.4],[-51.1,3.9],[-51.5,4.45],[-51.7,4.05],[-52,3.7],[-52.7,2.35],[-52.95,2.2],[-53.35,2.35],[-53.85,2.3],[-54.15,2.1],[-54.6,2.35],[-55,2.6],[-56.1,2.35],[-55.95,2.05],[-56,1.85],[-56.5,1.95],[-56.8,1.85],[-57.1,2],[-57.55,1.7],[-58.35,1.6],[-58.5,1.25],[-58.9,1.2],[-59.25,1.4],[-59.75,1.9],[-59.75,2.25],[-60,2.7],[-59.85,3.6],[-59.55,3.95],[-59.7,4.4],[-60.1,4.6],[-60,5.1],[-60.2,5.25],[-60.75,5.2],[-60.6,4.9],[-61,4.5],[-61.3,4.5],[-61.55,4.25],[-62.2,4.1],[-62.4,4.15],[-62.75,4],[-62.75,3.65],[-63,3.6],[-63.45,3.95],[-64.05,3.9],[-64.35,4.15],[-64.65,4],[-64.2,3.6],[-64.2,3.1],[-64,2.7],[-64.05,2.45],[-63.4,2.4],[-63.4,2.15],[-64,1.95],[-64.1,1.65],[-64.75,1.25],[-65.15,1.15],[-65.45,0.7],[-65.75,0.95],[-66.15,0.75],[-66.35,0.75],[-66.9,1.2],[-67.1,1.25],[-67.1,1.7],[-67.35,2.1],[-67.8,1.8],[-68.15,1.7],[-69.35,1.7],[-69.85,1.65],[-69.85,1.05],[-69.35,1.05],[-69.15,0.65],[-70.05,0.6],[-70.05,-0.1],[-69.65,-0.5],[-69.4,-1.2],[-69.75,-3.25],[-69.95,-4.25],[-70.45,-4.15],[-70.85,-4.2],[-70.95,-4.4],[-71.75,-4.5],[-72.05,-4.6],[-72.65,-5],[-72.9,-5.15],[-73,-5.7],[-73.25,-6.1],[-73.15,-6.45],[-73.75,-6.9],[-73.75,-7.35],[-73.95,-7.6],[-73.7,-7.8],[-73.55,-8.35],[-73.15,-8.7],[-72.95,-9.1],[-73.2,-9.4],[-72.45,-9.5],[-72.2,-10],[-71.4,-10],[-70.7,-9.55],[-70.65,-11],[-70.3,-11.05],[-69.95,-10.9],[-69.6,-10.95],[-68.6,-11.1],[-68.3,-11],[-68.1,-10.7],[-67.75,-10.7],[-67.35,-10.35],[-67.05,-10.25],[-66.65,-9.9],[-65.8,-9.75],[-65.3,-9.85],[-65.3,-10.2],[-65.45,-10.45],[-65.3,-11],[-65.35,-11.4],[-65,-12],[-64.45,-12.25],[-64.4,-12.45],[-63.8,-12.45],[-63.25,-12.7],[-63.1,-12.65],[-62.8,-13],[-62.2,-13.1],[-61.85,-13.55],[-60.9,-13.55],[-60.45,-13.8],[-60.45,-14.1],[-60.3,-14.65],[-60.25,-15.5],[-60.15,-16.25],[-58.45,-16.35],[-58.4,-17.25],[-57.8,-17.55],[-57.55,-18.2],[-57.8,-19.05],[-58.1,-19.75],[-57.85,-20],[-58.15,-20.15],[-57.85,-20.75],[-57.85,-21.35],[-58,-22.05],[-57.85,-22.15],[-56.85,-22.3],[-56.4,-22.05],[-55.9,-22.3],[-55.65,-22.65],[-55.65,-23],[-55.4,-24],[-54.95,-23.95],[-54.6,-23.8],[-54.25,-24.05],[-54.25,-24.35],[-54.6,-25.55],[-53.9,-25.65],[-53.65,-26.2],[-53.8,-27.15],[-54.85,-27.55],[-55.05,-27.85],[-55.75,-28.25],[-56.4,-29.05],[-57.35,-30],[-57.6,-30.2]]],[[[-51.2,-0.6],[-51.5,-0.6],[-51.7,-0.85],[-51.8,-1.45],[-51.25,-1],[-51.2,-0.6]]],[[[-48.45,-0.6],[-48.45,-0.25],[-49.2,-0.15],[-49.65,-0.25],[-50.35,-0.1],[-50.6,-0.2],[-50.8,-0.65],[-50.8,-1.4],[-50.4,-1.85],[-50.05,-1.7],[-49.8,-1.8],[-48.85,-1.45],[-48.45,-0.6]]]]},"properties":{"name":"Brazil","ISO3166-1-Alpha-3":"BRA","ISO3166-1-Alpha-2":"BR"}},
{"type":"Feature","geometry":{"type":"Polygon","coordinates":[[[-57.6,-30.2],[-57.65,-30.2],[-57.85,-30.5],[-57.8,-30.9],[-58,-31.55],[-58.15,-31.85],[-58.2,-32.45],[-58.05,-32.9],[-58.15,-33.1],[-58.35,-33.15],[-58.4,-33.95],[-57.8,-34.5],[-57.1,-34.45],[-56.3,-34.9],[-55.8,-34.75],[-54.95,-34.95],[-54.15,-34.65],[-53.75,-34.4],[-53.4,-33.75],[-53.55,-33.65],[-53.5,-33.1],[-53.15,-32.75],[-53.65,-32.35],[-53.75,-32.05],[-54.15,-31.9],[-54.6,-31.45],[-55.25,-31.25],[-55.6,-30.85],[-56,-30.8],[-56.85,-30.1],[-57.2,-30.3],[-57.6,-30.2]]]},"properties":{"name":"Uruguay","ISO3166-1-Alpha-3":"URY","ISO3166-1-Alpha-2":"UY"}},
{"type":"Feature","geometry":{"type":"Polygon","coordinates":[[[116.7,49.8],[116.2,50],[115.35,49.9],[114.75,50.25],[114.3,50.3],[113.2,49.8],[113.05,49.6],[112.05,49.4],[111.35,49.35],[110.75,49.15],[110.2,49.15],[109.3,49.35],[108.55,49.35],[108.05,49.6],[107.95,49.95],[107.2,50],[106.65,50.35],[105.35,50.5],[103.6,50.15],[102.35,50.55],[102.05,51.4],[101.4,51.45],[100.5,51.75],[100,51.75],[98.85,52.1],[98.7,51.85],[98.05,51.45],[97.8,51],[98.3,50.5],[98.1,50.05],[97.3,49.75],[96.95,49.9],[95.85,50],[95.5,49.9],[94.6,50],[94.25,50.55],[91.75,50.7],[91.4,50.45],[89.6,49.9],[89.7,49.7],[88.85,49.45],[88.2,49.45],[87.8,49.15],[87.95,48.6],[88.55,48.35],[89.05,48],[89.55,48.05],[90.45,47.5],[91.05,46.55],[91,46],[90.65,45.5],[90.9,45.2],[91.65,45.05],[92.75,45.05],[93.55,44.95],[94,44.65],[94.7,44.35],[95.4,44.3],[95.9,43.2],[96.35,42.75],[97.2,42.8],[99.45,42.55],[100,42.7],[101.65,42.5],[102.05,42.2],[103.05,42],[103.7,41.75],[104.5,41.85],[104.5,41.65],[105,41.6],[105.85,42],[106.75,42.3],[108.2,42.45],[108.8,42.4],[109.5,42.45],[110.4,42.75],[110.95,43.3],[111.95,43.7],[111.4,44.4],[111.75,44.95],[112,45.1],[112.6,44.9],[113.65,44.75],[114.05,44.95],[114.55,45.4],[115.65,45.45],[116,45.7],[116.6,46.3],[117.3,46.35],[118.25,46.7],[118.8,46.75],[119.7,46.6],[119.9,46.85],[119.7,47.15],[118.55,47.95],[117.75,48],[117.3,47.65],[116.85,47.85],[116.25,47.85],[115.85,47.7],[115.5,48.1],[116.7,49.8]]]},"properties":{"name":"Mongolia","ISO3166-1-Alpha-3":"MNG","ISO3166-1-Alpha-2":"MN"}},
{"type":"Feature","geometry":{"type":"MultiPolygon","coordinates":[[[[87.8,49.15],[88.2,49.45],[88.85,49.45],[89.7,49.7],[89.6,49.9],[91.4,50.45],[91.75,50.7],[94.25,50.55],[94.6,50],[95.5,49.9],[95.85,50],[96.95,49.9],[97.3,49.75],[98.1,50.05],[98.3,50.5],[97.8,51],[98.05,51.45],[98.7,51.85],[98.85,52.1],[100,51.75],[100.5,51.75],[101.4,51.45],[102.05,51.4],[102.35,50.55],[103.6,50.15],[105.35,50.5],[106.65,50.35],[107.2,50],[107.95,49.95],[108.05,49.6],[108.55,49.35],[109.3,49.35],[110.2,49.15],[110.75,49.15],[111.35,49.35],[112.05,49.4],[113.05,49.6],[113.2,49.8],[114.3,50.3],[114.75,50.25],[115.35,49.9],[116.2,50],[116.7,49.8],[117.75,49.5],[118.65,49.95],[119.3,50.1],[119.3,50.6],[119.75,51.1],[120.1,51.65],[120.8,52.1],[120.3,52.85],[120.85,53.3],[122.35,53.5],[123.65,53.55],[124.7,53.15],[125.6,53.05],[126.55,52.15],[126.45,52],[126.95,51.35],[126.95,51.05],[127.3,50.75],[127.35,50.35],[127.6,50.2],[127.5,49.8],[128.1,49.55],[128.65,49.6],[129.05,49.4],[129.7,49.25],[130.55,48.65],[130.8,48.3],[130.65,48.1],[131,47.7],[132.5,47.7],[133.1,48.1],[134.4,48.4],[134.75,47.7],[134.15,47.25],[133.9,46.25],[133.7,46.15],[133.4,45.55],[133.2,45.5],[132.95,45],[131.8,45.35],[131.05,44.7],[131.25,44.05],[131.3,43.4],[131,42.85],[130.4,42.75],[130.55,42.55],[130.7,42.3],[130.85,42.5],[132.35,43.3],[132.4,42.95],[133.15,42.7],[133.95,42.9],[134.2,43.1],[135.15,43.5],[135.65,44.15],[136.1,44.5],[136.85,45.2],[137.65,45.8],[138.1,46.25],[138.55,47],[138.95,47.3],[139.4,47.9],[140.15,48.45],[140.55,49.6],[140.4,49.85],[140.45,50.55],[140.7,51.35],[141.45,51.95],[141.15,52.35],[141.2,53],[141.45,53.15],[139.8,54.2],[139.15,54.2],[138.75,54],[138.5,53.55],[137.9,53.6],[137.6,53.8],[137.45,54.3],[137.05,54.15],[136.9,54.6],[135.75,54.55],[135.2,54.9],[135.85,55.15],[137.55,56.1],[138.65,57],[140.5,57.85],[140.9,58.4],[141.6,58.6],[142.25,59.1],[143.15,59.35],[145,59.35],[146.45,59.45],[147.6,59.3],[148.4,59.4],[148.8,59.25],[149.15,59.65],[149.6,59.75],[151.65,59.5],[151.2,59.1],[151.35,58.85],[152.4,59],[152.9,58.9],[153.35,59.25],[154.05,59.05],[154.95,59.5],[154.45,59.55],[154.2,59.85],[154.95,60.35],[155.9,60.75],[156.55,61.2],[156.7,61.5],[157.45,61.8],[159.35,61.9],[159.95,61.4],[160,61.1],[160.85,60.75],[162.4,61.7],[163,61.8],[163.25,62.5],[164.6,62.65],[164.15,62.25],[164.05,61.35],[163.35,60.8],[161.95,60.4],[160.8,59.6],[159.85,59.15],[159.75,58.95],[159,58.4],[158.15,58],[157.7,58],[156.95,57.65],[156.85,57.2],[156.15,56.85],[155.7,56.05],[155.55,55.3],[155.95,53.85],[156.1,52.95],[156.35,52.4],[156.55,51.3],[156.7,50.9],[157.75,51.55],[158.55,52.3],[158.5,52.75],[159,53.1],[159.9,53.3],[159.85,53.8],[160.05,54.2],[160.75,54.55],[161.75,54.5],[162.15,54.85],[161.8,55.2],[161.8,55.6],[162.15,56.15],[162.8,56.05],[163.35,56.2],[163.3,56.7],[162.8,56.75],[162.85,57.4],[163.35,57.7],[162.7,57.95],[162,58.1],[162.4,58.65],[163.05,58.95],[162.9,59.1],[163.65,60.05],[165,59.85],[165.15,60.1],[166.25,60.4],[166.3,59.85],[167.05,60.35],[168.1,60.55],[169.15,60.55],[169.7,60.4],[169.95,60.05],[170.4,59.95],[170.6,60.45],[172,60.85],[173.5,61.55],[174.5,61.8],[176.6,62.5],[178.05,62.55],[179.15,62.35],[179.6,62.7],[179.35,63.2],[178.6,63.4],[178.75,63.65],[178.4,64.25],[176.75,64.6],[177.3,64.85],[178.75,64.65],[180,65.05],[180,65.55],[180,66.05],[180,66.55],[180,67.05],[180,67.55],[180,68.05],[180,68.55],[180,69],[178.75,69.4],[176.5,69.75],[172,70],[170.6,70.1],[170.6,69.6],[171.05,69.05],[170.35,68.85],[168.3,69.25],[168.25,69.55],[167.65,69.75],[166.95,69.5],[164.85,69.55],[164.05,69.75],[162.2,69.65],[161.45,69.4],[160.95,69.65],[159.7,69.9],[160.1,70.25],[159.7,70.65],[158.5,70.95],[155.95,71.1],[153.95,70.9],[152.6,70.85],[151.5,71.35],[149.95,71.55],[150.05,71.9],[149.6,72.15],[148.4,72.3],[146.95,72.3],[145.4,72.55],[141.55,72.75],[140.9,72.55],[139.55,72.5],[139.85,72.2],[138.75,71.65],[137.35,71.35],[136,71.65],[134.15,71.35],[132.25,71.7],[131.55,70.9],[130.3,70.95],[129.4,71.35],[128.2,72.25],[129.1,72.5],[127.95,72.65],[128.45,73.25],[128,73.45],[125.65,73.55],[124.35,73.8],[123.25,73.55],[123.55,73.2],[122.6,73.05],[121.05,72.95],[118.9,73.1],[118.45,73.6],[115.4,73.7],[113.4,73.7],[111.8,73.75],[110,74],[109.55,73.8],[109.7,73.45],[107.7,73.15],[106.35,73.2],[107.15,73.55],[108.5,73.75],[109.9,74.2],[110,74.35],[111.75,74.65],[113.6,75.3],[113.35,75.55],[113.9,75.85],[113.25,76.25],[111.55,76.7],[109.35,76.75],[107.6,76.5],[106.6,76.55],[107.25,77],[105.45,77.25],[106,77.45],[104,77.75],[102.15,77.4],[100.9,77],[101.05,76.5],[99.5,76.45],[96.85,75.9],[95.4,76.15],[93.7,76.15],[93.55,75.85],[89.15,75.45],[87.35,75.05],[86,74.25],[86.8,73.9],[83.5,73.65],[80.85,73.55],[80.25,73.3],[80.85,72.9],[80.7,72.55],[82.2,72.1],[83.35,71.85],[83.65,71.6],[83.15,71.25],[83.75,70.5],[82.95,70.35],[83.15,70.9],[82.2,71],[82.3,71.3],[83.3,71.7],[81.75,71.7],[79.4,72.4],[78.5,72.4],[76.95,72.05],[73.55,71.8],[73.05,71.45],[73.55,71.25],[74.3,70.5],[73.75,70.2],[73.5,69.75],[73.75,69.2],[74.7,69.1],[75.5,69.25],[76.75,69.1],[77.7,68.9],[77.3,68.55],[76.4,69],[74.45,68.7],[74.75,67.7],[73.9,67.3],[73.5,66.8],[72.5,66.6],[72,66.25],[70.35,66.35],[69.4,66.5],[69.15,66.85],[69.95,66.85],[70.4,66.55],[71.6,66.65],[72.4,67.5],[73.2,67.85],[73.1,68.2],[73.65,68.5],[72.6,68.95],[72.45,70.3],[72.75,70.45],[72.65,71.1],[72.1,71.3],[72.85,72.25],[72.5,72.8],[71.55,72.9],[69.3,72.85],[69,72.7],[68.5,71.85],[67.95,71.55],[66.95,71.3],[66.6,70.9],[67.3,70.8],[66.75,69.75],[67.95,69.5],[68.5,68.95],[69.1,68.9],[68.4,68.25],[67.05,68.8],[64.55,69.45],[63.4,69.65],[60.75,69.85],[60.15,69.6],[60.95,68.95],[59.75,68.65],[58.9,69],[58,68.85],[57.35,68.55],[56.65,68.65],[55.4,68.55],[54.25,68.2],[53.45,68.9],[52.5,68.6],[51.55,68.5],[49.15,67.85],[48.25,67.7],[47.75,67],[46.95,66.85],[45.85,66.9],[44.95,67.3],[45.35,67.75],[46.7,67.85],[45.95,68.45],[44,68.55],[44.25,68.25],[43.75,67.2],[44.5,66.9],[44.05,66.1],[43.25,66.45],[42.2,66.55],[41.35,66.05],[40.8,66],[39.85,65.6],[39.7,65.4],[40.4,64.9],[40.55,64.6],[39.55,64.55],[38.05,64.85],[37,65.15],[36.55,64.9],[37.1,64.4],[38,64.3],[38,63.95],[37.15,63.9],[36.3,64],[35.8,64.35],[34.95,64.45],[34.8,65.05],[34.35,65.4],[34.85,65.9],[34.5,66.1],[33.6,66.3],[33.5,66.75],[34.9,66.6],[35.4,66.4],[36.9,66.3],[37.95,66.1],[39.35,66.15],[40.45,66.4],[41.35,67],[41,67.7],[39.85,68.05],[38.45,68.35],[37.7,68.7],[35.35,69.3],[34.65,69.25],[32.7,69.5],[33.1,69.65],[32.05,69.95],[30.85,69.8],[30.5,69.55],[29.35,69.3],[28.95,69.05],[28.45,68.5],[28.65,68.2],[29.3,68.1],[30,67.7],[29.1,66.85],[29.9,66.1],[30.1,65.7],[29.7,65.65],[29.6,65],[30.5,64],[30,63.75],[31.25,63.2],[31.55,62.9],[31.2,62.5],[29.2,61.25],[27.8,60.55],[28.2,60.55],[29.1,60.2],[28.85,59.8],[28,59.7],[28,59.5],[27.4,58.75],[27.65,57.9],[27.35,57.55],[27.85,57.3],[27.65,56.9],[28.15,56.55],[28.15,56.15],[29.4,55.95],[29.45,55.7],[30.2,55.85],[30.9,55.55],[31,55.05],[30.75,54.8],[31.15,54.6],[31.3,54.25],[31.75,54.1],[31.75,53.8],[32.5,53.65],[32.7,53.45],[32.2,53.1],[31.4,53.2],[31.75,52.1],[32.1,52.05],[32.55,52.3],[33.8,52.35],[34.4,51.8],[34.3,51.35],[34.95,51.2],[35.35,50.9],[35.45,50.5],[36.7,50.25],[37.45,50.4],[38,49.9],[38.35,50],[39.55,49.7],[40.15,49.25],[39.75,48.9],[40,48.25],[39.75,47.85],[38.9,47.85],[38.35,47.6],[38.2,47.1],[39.25,47.25],[38.8,46.9],[38.4,46.8],[37.85,46.5],[38.3,46.2],[37.6,45.65],[37.75,45.35],[37.15,45.35],[37.2,45],[37.5,44.7],[39,44.15],[40,43.4],[40.25,43.6],[40.65,43.55],[41.55,43.25],[42.75,43.2],[43.2,42.95],[43.8,42.75],[44.85,42.75],[45.35,42.5],[45.95,42],[46.45,41.9],[46.75,41.85],[47.25,41.3],[47.85,41.2],[48.6,41.85],[47.45,43],[47.5,43.8],[47.25,44.2],[46.7,44.45],[47.05,44.8],[47.6,45.65],[48.75,45.9],[49.25,46.35],[48.45,46.65],[49,46.75],[48.55,47.4],[48.05,47.75],[47.05,47.95],[47.1,48.3],[46.5,48.4],[46.75,48.9],[46.9,49.8],[47.3,50.05],[47.6,50.45],[48.4,49.8],[48.9,50],[48.65,50.6],[49.35,50.85],[50.35,51.3],[50.6,51.65],[51.6,51.5],[52.35,51.75],[52.5,51.5],[53.15,51.5],[53.6,51.4],[54.2,50.95],[54.65,51.05],[55.65,50.55],[56.5,51.05],[57.75,51.1],[58.6,51],[58.95,50.7],[59.75,50.55],[60,50.85],[60.7,50.65],[61.35,50.8],[61.6,51.3],[61.45,51.45],[60.5,51.6],[60.15,51.9],[61.05,52.35],[60.7,52.75],[61.2,53],[61,53.65],[61.2,54],[62.55,54.05],[64.6,54.4],[65.2,54.35],[65.5,54.65],[66,54.6],[68.15,54.95],[68.7,55.35],[69.65,55.35],[70.2,55.15],[70.65,55.3],[71.2,54.75],[71.2,54.1],[72.05,54.2],[73.5,53.85],[73.4,53.5],[74.2,53.6],[75.05,53.8],[75.65,54.1],[76.75,54.35],[76.55,53.95],[77.85,53.25],[79.45,51.5],[80,50.8],[80.45,50.95],[80.7,51.3],[81.4,50.95],[81.45,50.75],[82.05,50.7],[83.45,51],[84.1,50.65],[84.25,50.25],[85,50.1],[85.25,49.6],[86.1,49.5],[86.6,49.8],[86.9,49.35],[87.3,49.1],[87.8,49.15]]],[[[22.75,54.35],[22.8,54.9],[21.25,55.25],[21,55.25],[20.9,55.3],[20.65,55.05],[20.05,54.95],[19.6,54.45],[20.95,54.4],[22.75,54.35]]],[[[33.65,46.1],[33.7,45.9],[32.55,45.45],[33.6,44.95],[33.5,44.6],[33.95,44.4],[34.45,44.75],[35,44.85],[35.55,45.1],[35.85,45],[36.45,45.05],[36.3,45.45],[35.5,45.3],[35,45.75],[34.7,45.95],[33.85,46.2],[33.65,46.1]]],[[[-180,65.05],[-179.65,65.15],[-179.3,65.65],[-179.75,66.1],[-179,66.15],[-178.3,65.45],[-177.4,65.45],[-177,65.6],[-175.9,65.4],[-175.75,64.95],[-174.65,64.75],[-174,64.4],[-173.1,64.25],[-172.7,64.9],[-172.1,65.05],[-172.15,65.4],[-170.65,65.6],[-170.55,65.85],[-169.7,66.15],[-170.55,66.35],[-171.9,66.95],[-172.65,66.9],[-173.55,67.1],[-174.05,66.95],[-173.85,66.5],[-174.45,66.55],[-175.15,67.35],[-175.3,67.65],[-176.3,67.7],[-176.7,68.05],[-178.7,68.55],[-178.85,68.75],[-180,69],[-180,68.55],[-180,68.05],[-180,67.55],[-180,67.05],[-180,66.55],[-180,66.05],[-180,65.55],[-180,65.05]]],[[[180,71.55],[178.9,71.25],[178.85,70.8],[180,71],[180,71.05],[180,71.55]]],[[[-180,71],[-179.35,70.9],[-177.95,71.05],[-177.45,71.25],[-178.4,71.55],[-180,71.55],[-180,71.05],[-180,71]]],[[[142.55,54.3],[142.7,53.95],[142.6,53.5],[141.75,53.35],[141.95,53],[141.65,52.4],[141.7,51.9],[142.25,51.05],[142.05,50.55],[142.15,49.7],[141.95,48.85],[142.2,47.95],[141.95,47.6],[142.05,47.05],[141.8,46.6],[141.95,46.05],[142.2,46.05],[142.45,46.65],[143.15,46.7],[143,47.25],[142.55,47.75],[142.55,48],[143.15,49.25],[143.5,49.35],[144.3,49.25],[143.8,50.3],[143.45,51.45],[143.2,51.55],[143.1,52.35],[143.35,52.7],[143.3,53.15],[142.95,53.75],[143,54.15],[142.55,54.3]]],[[[51.4,71.8],[51.85,71.45],[53.25,71.45],[54,70.75],[55.8,70.6],[57.15,70.6],[57.05,70.85],[56.1,71.25],[55.35,72.05],[55.75,72.8],[56.45,73.25],[54.95,73.45],[53.15,73.15],[52.9,72.6],[52.35,72.05],[51.4,71.8]]],[[[57,74.7],[55.55,74.65],[55.6,74.2],[53.85,73.8],[55,73.45],[56.6,73.25],[57.25,73.45],[58.55,74.4],[59.85,74.65],[60.85,75.15],[62.05,75.45],[66.2,75.95],[68.3,76.3],[68.95,76.7],[68.45,76.95],[66.95,76.95],[65.15,76.5],[62.95,76.2],[61.65,76.3],[60.25,76.1],[55.8,75.15],[57,74.7]]],[[[148.8,45.4],[147.9,45.2],[147.25,44.85],[147.4,44.75],[148.2,45.2],[148.8,45.4]]],[[[50.3,69.15],[49.25,69.5],[48.3,69.3],[48.6,68.75],[49.7,68.9],[50.3,69.15]]],[[[169.45,69.85],[168.25,70],[167.8,69.8],[168.85,69.55],[169.45,69.85]]],[[[60.55,69.8],[59,70.5],[58.5,70.35],[58.7,70],[59.55,69.7],[60.55,69.8]]],[[[71.65,73.25],[70.95,73.5],[70,73.4],[70.25,73.05],[71.65,73.25]]],[[[143.45,73.3],[143.4,73.55],[142.05,73.9],[141.15,73.9],[140.5,73.5],[141.5,73.3],[143.15,73.2],[143.45,73.3]]],[[[113.4,74.45],[112.1,74.55],[111.6,74.25],[112.75,74.1],[113.4,74.45]]],[[[150.85,75.15],[149.15,75.25],[146.4,75.6],[146.05,75.25],[148.15,74.8],[149.2,74.75],[150.6,74.9],[150.85,75.15]]],[[[145.35,75.55],[143.95,75.85],[142.55,75.85],[141.7,76.1],[140.15,75.8],[139.1,76.1],[138.15,76.1],[137.05,75.75],[137.15,75.15],[138.15,74.8],[139.35,74.7],[141.85,75],[142.35,74.8],[144.35,75.05],[145.35,75.55]]],[[[105.4,78.6],[104,79.15],[102.3,79.45],[101.3,79.25],[100.25,78.65],[101.2,78.2],[104.8,78.35],[105.4,78.6]]],[[[99.9,79.05],[100,79.8],[97.6,80.15],[94.95,80.05],[93.75,79.55],[95,79.05],[97.75,78.8],[99.4,78.8],[99.9,79.05]]],[[[62.2,80.8],[59.7,80.85],[59.65,80.45],[61.05,80.4],[62.2,80.8]]],[[[51.7,80.75],[49.65,80.65],[47.45,80.3],[49.1,80.2],[49.75,80.5],[51.7,80.75]]],[[[97.75,80.75],[95.8,81.3],[93.05,81],[92.5,80.15],[93.7,80],[97.2,80.25],[97.75,80.75]]]]},"properties":{"name":"Russia","ISO3166-1-Alpha-3":"RUS","ISO3166-1-Alpha-2":"RU"}},
{"type":"Feature","geometry":{"type":"Polygon","coordinates":[[[14.8,50.85],[14.4,50.9],[12.35,50.25],[12.4,49.75],[12.8,49.35],[13.8,48.75],[14.05,48.6],[14.7,48.6],[15,49],[16.05,48.75],[16.45,48.8],[16.95,48.6],[18.1,49.1],[18.55,49.5],[18.85,49.5],[18.55,49.9],[17.85,49.95],[17.2,50.4],[16.7,50.1],[16.35,50.35],[16.35,50.65],[14.8,50.85]]]},"properties":{"name":"Czechia","ISO3166-1-Alpha-3":"CZE","ISO3166-1-Alpha-2":"CZ"}},
{"type":"Feature","geometry":{"type":"Polygon","coordinates":[[[13.8,48.75],[12.8,49.35],[12.4,49.75],[12.35,50.25],[14.4,50.9],[14.8,50.85],[15,51.25],[14.6,51.8],[14.75,52.1],[14.65,52.6],[14.2,52.8],[14.4,53.25],[14.25,53.7],[13.5,54.15],[12.5,54.45],[12.1,54.2],[11.2,54],[10.8,54.3],[9.45,54.8],[8.65,54.9],[9,54.5],[8.85,53.85],[8.15,53.55],[7.95,53.7],[7.25,53.65],[7.2,53.25],[7.05,52.35],[6.7,51.9],[5.95,51.8],[6.2,51.5],[6,50.75],[6.35,50.35],[6.1,50.1],[6.5,49.8],[6.35,49.45],[6.85,49.2],[8.2,48.95],[7.8,48.6],[7.55,48.1],[7.6,47.6],[8.1,47.55],[8.55,47.8],[9.55,47.55],[9.95,47.5],[10.3,47.3],[10.6,47.55],[11.1,47.4],[11.6,47.6],[12.75,47.65],[13,47.85],[12.75,48.1],[13.7,48.5],[13.8,48.75]]]},"properties":{"name":"Germany","ISO3166-1-Alpha-3":"DEU","ISO3166-1-Alpha-2":"DE"}},
{"type":"Feature","geometry":{"type":"MultiPolygon","coordinates":[[[[24.3,57.85],[25.15,58.05],[26.5,57.5],[27.35,57.55],[27.65,57.9],[27.4,58.75],[28,59.5],[26.85,59.5],[25.7,59.65],[24.4,59.5],[23.45,59.2],[23.5,58.65],[24.1,58.25],[24.3,57.85]]],[[[23.25,58.5],[22.3,58.6],[21.85,58.25],[22.75,58.25],[23.25,58.5]]]]},"properties":{"name":"Estonia","ISO3166-1-Alpha-3":"EST","ISO3166-1-Alpha-2":"EE"}},
{"type":"Feature","geometry":{"type":"Polygon","coordinates":[[[27.35,57.55],[26.5,57.5],[25.15,58.05],[24.3,57.85],[24.4,57.25],[23.7,56.95],[22.5,57.75],[21.7,57.55],[21.4,57.05],[21.05,56.85],[21.05,56.05],[22.1,56.4],[25.65,56.15],[26.6,55.65],[27,55.85],[27.6,55.8],[28.15,56.15],[28.15,56.55],[27.65,56.9],[27.85,57.3],[27.35,57.55]]]},"properties":{"name":"Latvia","ISO3166-1-Alpha-3":"LVA","ISO3166-1-Alpha-2":"LV"}},
{"type":"Feature","geometry":{"type":"MultiPolygon","coordinates":[[[[20.6,69.05],[21.65,69.25],[22.6,68.7],[23.2,68.6],[23.95,68.8],[25.1,68.65],[25.65,68.9],[26.05,69.7],[26.5,69.9],[27.85,70.1],[29.35,69.45],[28.95,69.05],[29.35,69.3],[30.5,69.55],[30.85,69.8],[29.7,69.95],[31.05,70.35],[30.2,70.7],[27.55,71.1],[25.85,70.85],[24.85,70.95],[23.5,70.35],[23.35,70.1],[22,70.3],[21.2,70.2],[21.15,69.9],[19.1,69.75],[18.3,69.5],[17.25,68.75],[16.65,68.65],[15.8,67.95],[15.05,67.7],[14.2,67],[13.1,66.5],[13.25,66.2],[12.35,65.65],[12.6,65.45],[11.4,64.65],[10.6,64.45],[10,64.1],[9.7,63.65],[8.8,63.45],[7.75,62.95],[6.95,62.75],[5.95,62.2],[5.3,62.05],[4.95,61.25],[5.05,60.75],[5.3,60.2],[6.1,60.1],[5.2,59.5],[5.5,59.3],[6.1,59.25],[5.5,58.75],[5.7,58.5],[7,58.05],[8.1,58.1],[9.35,58.75],[9.45,58.9],[10.85,59.2],[11.45,59],[11.8,59.25],[11.7,59.55],[12.5,60.1],[12.6,60.5],[12.25,61],[12.7,61.05],[12.9,61.35],[12.15,61.7],[12.3,62.25],[12.1,62.6],[12.2,63],[12,63.3],[12.7,63.95],[13.25,64.1],[13.95,64],[14.1,64.45],[13.65,64.6],[14.5,65.3],[14.55,66.15],[15.5,66.25],[15.45,66.5],[16.4,67.05],[16.15,67.4],[17.3,68.1],[18.15,68.15],[18.15,68.55],[19.95,68.35],[20.6,69.05]]],[[[16.55,68.7],[15.45,68.8],[15.2,68.35],[15.9,68.35],[16.55,68.7]]],[[[24.4,77.85],[23.1,78],[21.65,77.9],[22.2,77.5],[23.25,77.25],[24.4,77.85]]],[[[20.2,78.65],[21.5,78.85],[18.95,79.15],[18.9,79.45],[16.6,80],[15.25,79.6],[13.8,79.9],[11.8,79.85],[10.7,79.55],[11.65,78.75],[13.85,78.2],[13.6,78.05],[14.35,77.2],[15.05,77.15],[16.35,76.6],[18.2,77.5],[19,78.45],[20.2,78.65]]],[[[27.15,80.05],[24.4,80.35],[20.9,80.2],[18,80.2],[18.8,79.7],[20.8,79.4],[22.95,79.2],[25.65,79.4],[27.15,79.85],[27.15,80.05]]]]},"properties":{"name":"Norway","ISO3166-1-Alpha-3":"-99","ISO3166-1-Alpha-2":"-99"}},
{"type":"Feature","geometry":{"type":"MultiPolygon","coordinates":[[[[20.6,69.05],[19.95,68.35],[18.15,68.55],[18.15,68.15],[17.3,68.1],[16.15,67.4],[16.4,67.05],[15.45,66.5],[15.5,66.25],[14.55,66.15],[14.5,65.3],[13.65,64.6],[14.1,64.45],[13.95,64],[13.25,64.1],[12.7,63.95],[12,63.3],[12.2,63],[12.1,62.6],[12.3,62.25],[12.15,61.7],[12.9,61.35],[12.7,61.05],[12.25,61],[12.6,60.5],[12.5,60.1],[11.7,59.55],[11.8,59.25],[11.45,59],[11.2,58.35],[11.9,58.2],[11.7,57.9],[12.4,56.9],[12.95,56.55],[12.6,56.1],[13,55.4],[13.4,55.35],[14.35,55.5],[14.2,55.75],[14.7,56.15],[15.85,56.1],[16.35,56.75],[16.7,57.45],[16.45,57.9],[16.8,58.2],[16.65,58.65],[17.1,58.65],[18.4,59.2],[18.3,59.4],[18.85,59.8],[18.8,60.05],[17.95,60.5],[17.25,60.7],[17.1,61.65],[17.55,62.2],[17.35,62.4],[18.05,62.6],[19.3,63.45],[20.5,63.8],[21.5,64.5],[21.2,64.85],[22.35,65.75],[24.15,65.8],[23.65,66.45],[24,66.8],[23.6,67.15],[23.75,67.4],[23.05,68.3],[22.05,68.5],[20.6,69.05]]],[[[19.05,57.85],[18.45,57.8],[18.1,57.25],[18.7,57.25],[19.05,57.85]]]]},"properties":{"name":"Sweden","ISO3166-1-Alpha-3":"SWE","ISO3166-1-Alpha-2":"SE"}},
{"type":"Feature","geometry":{"type":"Polygon","coordinates":[[[28.95,69.05],[29.35,69.45],[27.85,70.1],[26.5,69.9],[26.05,69.7],[25.65,68.9],[25.1,68.65],[23.95,68.8],[23.2,68.6],[22.6,68.7],[21.65,69.25],[20.6,69.05],[22.05,68.5],[23.05,68.3],[23.75,67.4],[23.6,67.15],[24,66.8],[23.65,66.45],[24.15,65.8],[25.35,65.5],[25.45,64.95],[24.75,64.85],[23.6,64.05],[22.5,63.6],[22.35,63.3],[21.6,63.2],[21.1,62.8],[21.35,62.35],[21.25,62],[21.6,61.55],[21.35,61],[21.45,60.6],[22.65,60.4],[23.25,59.9],[25.75,60.25],[26.1,60.4],[27.8,60.55],[29.2,61.25],[31.2,62.5],[31.55,62.9],[31.25,63.2],[30,63.75],[30.5,64],[29.6,65],[29.7,65.65],[30.1,65.7],[29.9,66.1],[29.1,66.85],[30,67.7],[29.3,68.1],[28.65,68.2],[28.45,68.5],[28.95,69.05]]]},"properties":{"name":"Finland","ISO3166-1-Alpha-3":"FIN","ISO3166-1-Alpha-2":"FI"}},
{"type":"Feature","geometry":{"type":"Polygon","coordinates":[[[107.5,14.7],[107.3,14.1],[107.6,13.55],[107.45,13],[107.5,12.35],[107.15,12.3],[106.7,11.95],[106.4,11.95],[106.3,11.65],[106,11.75],[105.85,11.3],[106.05,11.1],[105.05,10.75],[104.85,10.55],[104.45,10.4],[105.1,10],[104.9,9.85],[104.75,8.8],[105.1,8.65],[105.55,9.15],[106.2,9.35],[106.6,9.65],[106.8,10.4],[107.35,10.45],[108.35,10.95],[108.6,11.2],[109,11.35],[109.25,11.75],[109.2,12.65],[109.45,12.9],[109.25,13.4],[109.3,13.75],[109.1,14.75],[108.9,15.35],[108.7,15.45],[108.15,16.2],[107.75,16.45],[106.75,17.35],[106.45,17.75],[106.5,17.95],[106.1,18.3],[105.65,18.9],[105.95,19.95],[106.55,20.25],[106.55,20.5],[106.75,20.95],[107.35,21],[107.4,21.3],[108,21.5],[107.75,21.65],[107.35,21.6],[106.7,22],[106.55,22.45],[106.65,22.85],[105.85,22.9],[105.35,23.3],[104.8,23.1],[104.75,22.85],[103.85,22.6],[103.65,22.8],[103.3,22.8],[103,22.45],[102.45,22.75],[102.1,22.4],[102.6,21.9],[102.95,21.75],[102.9,21.25],[103.1,20.85],[103.8,20.85],[104.05,20.95],[104.6,20.65],[104.9,20.2],[104.8,19.8],[104.5,19.6],[104.25,19.7],[103.85,19.3],[104.7,18.8],[105.1,18.7],[105.15,18.3],[105.5,18.15],[105.75,17.65],[106.4,17],[106.65,16.45],[107.1,16.25],[107.4,15.95],[107.15,15.75],[107.65,15.3],[107.5,14.7]]]},"properties":{"name":"Vietnam","ISO3166-1-Alpha-3":"VNM","ISO3166-1-Alpha-2":"VN"}},
{"type":"Feature","geometry":{"type":"Polygon","coordinates":[[[107.5,14.7],[107.4,14.55],[106.8,14.3],[106.5,14.6],[105.95,14.35],[106.15,14.05],[105.85,13.95],[105.2,14.35],[104.75,14.45],[103.85,14.35],[103.55,14.4],[103.1,14.3],[102.35,13.3],[102.55,12.65],[102.75,12.4],[102.7,12.15],[102.9,11.75],[102.9,11.65],[103.1,11.45],[103.1,10.95],[103.4,10.9],[103.6,10.5],[103.85,10.6],[104.45,10.4],[104.85,10.55],[105.05,10.75],[106.05,11.1],[105.85,11.3],[106,11.75],[106.3,11.65],[106.4,11.95],[106.7,11.95],[107.15,12.3],[107.5,12.35],[107.45,13],[107.6,13.55],[107.3,14.1],[107.5,14.7]]]},"properties":{"name":"Cambodia","ISO3166-1-Alpha-3":"KHM","ISO3166-1-Alpha-2":"KH"}},
{"type":"Feature","geometry":{"type":"Polygon","coordinates":[[[6.1,50.1],[5.7,49.9],[5.8,49.55],[6.35,49.45],[6.5,49.8],[6.1,50.1]]]},"properties":{"name":"Luxembourg","ISO3166-1-Alpha-3":"LUX","ISO3166-1-Alpha-2":"LU"}},
{"type":"Feature","geometry":{"type":"Polygon","coordinates":[[[56.3,25.65],[56.1,26.05],[55.85,25.7],[55.5,25.55],[55.1,25],[54.7,24.8],[54.45,24.3],[54.1,24.15],[53.6,24.05],[52.65,24.15],[52.2,23.95],[51.8,24],[51.55,24.25],[51.6,24.1],[52.6,22.95],[55.1,22.6],[55.2,22.7],[55.2,23],[55.55,23.75],[55.5,23.95],[56,24.1],[55.8,24.35],[55.8,24.85],[56.1,24.75],[56.4,25],[56.3,25.65]]]},"properties":{"name":"United Arab Emirates","ISO3166-1-Alpha-3":"ARE","ISO3166-1-Alpha-2":"AE"}},
{"type":"Feature","geometry":{"type":"Polygon","coordinates":[[[2.5,51.1],[2.8,50.7],[4,50.35],[4.45,49.95],[4.8,49.95],[5.4,49.6],[5.8,49.55],[5.7,49.9],[6.1,50.1],[6.35,50.35],[6,50.75],[5.85,51.15],[5.2,51.25],[4.75,51.5],[4.25,51.35],[4.2,51.35],[3.95,51.2],[3.35,51.4],[2.5,51.1]]]},"properties":{"name":"Belgium","ISO3166-1-Alpha-3":"BEL","ISO3166-1-Alpha-2":"BE"}},
{"type":"Feature","geometry":{"type":"Polygon","coordinates":[[[40,43.4],[40.35,43.15],[40.85,43.05],[41.5,42.65],[41.75,41.8],[41.5,41.5],[42.95,41.45],[43.45,41.1],[45,41.3],[45.45,41.45],[45.95,41.15],[46.5,41.05],[46.7,41.25],[46.2,41.6],[46.45,41.9],[45.95,42],[45.35,42.5],[44.85,42.75],[43.8,42.75],[43.2,42.95],[42.75,43.2],[41.55,43.25],[40.65,43.55],[40.25,43.6],[40,43.4]]]},"properties":{"name":"Georgia","ISO3166-1-Alpha-3":"GEO","ISO3166-1-Alpha-2":"GE"}},
{"type":"Feature","geometry":{"type":"Polygon","coordinates":[[[20.55,41.85],[20.5,41.3],[20.7,40.95],[20.95,40.85],[21.6,40.85],[21.9,41.1],[22.75,41.15],[22.9,41.35],[23,41.7],[22.85,42],[22.35,42.3],[21.55,42.25],[21.1,42.2],[20.55,41.85]]]},"properties":{"name":"North Macedonia","ISO3166-1-Alpha-3":"MKD","ISO3166-1-Alpha-2":"MK"}},
{"type":"Feature","geometry":{"type":"Polygon","coordinates":[[[20.55,41.85],[20.5,42.2],[20.05,42.55],[19.6,42.6],[19.25,42.2],[19.35,41.85],[19.5,41.25],[19.3,40.65],[19.5,40.2],[19.85,40.05],[20,39.7],[20.65,40.1],[21.05,40.65],[20.95,40.85],[20.7,40.95],[20.5,41.3],[20.55,41.85]]]},"properties":{"name":"Albania","ISO3166-1-Alpha-3":"ALB","ISO3166-1-Alpha-2":"AL"}},
{"type":"Feature","geometry":{"type":"MultiPolygon","coordinates":[[[[45,41.3],[45.55,40.8],[45.55,40.45],[46,40.2],[45.85,39.8],[46.6,39.25],[46.5,38.9],[46.85,39.15],[47.85,39.7],[48.35,39.4],[48.05,38.95],[48.6,38.4],[48.85,38.45],[48.95,39.2],[49.3,39.6],[49.6,40.2],[49.6,40.65],[49.2,41.05],[49.05,41.4],[48.6,41.85],[47.85,41.2],[47.25,41.3],[46.75,41.85],[46.45,41.9],[46.2,41.6],[46.7,41.25],[46.5,41.05],[45.95,41.15],[45.45,41.45],[45,41.3]]],[[[46.15,38.85],[45.75,39.35],[44.75,39.7],[44.8,39.65],[45.45,39],[46.15,38.85]]]]},"properties":{"name":"Azerbaijan","ISO3166-1-Alpha-3":"AZE","ISO3166-1-Alpha-2":"AZ"}},
{"type":"Feature","geometry":{"type":"Polygon","coordinates":[[[20.05,42.55],[20.5,42.2],[20.55,41.85],[21.1,42.2],[21.55,42.25],[21.75,42.7],[21.4,42.75],[20.85,43.15],[20.35,42.85],[20.05,42.55]]]},"properties":{"name":"Kosovo","ISO3166-1-Alpha-3":"-99","ISO3166-1-Alpha-2":"-99"}},
{"type":"Feature","geometry":{"type":"MultiPolygon","coordinates":[[[[43.45,41.1],[42.95,41.45],[41.5,41.5],[41.4,41.4],[40.15,40.9],[38.95,41.05],[38.35,40.9],[37.5,41.05],[36.6,41.4],[36.45,41.25],[35.9,41.7],[35.55,41.65],[35.1,42],[34.7,41.95],[33.3,42],[32.25,41.7],[31.4,41.3],[31.25,41.1],[30.85,41.1],[30.25,41.2],[29.9,41.15],[29.25,41.25],[29.25,40.85],[28.65,40.35],[27.45,40.3],[27.3,40.45],[26.75,40.4],[26.15,39.95],[26.15,39.45],[26.65,39.3],[27,38.85],[26.7,38.7],[26.95,38.45],[26.6,38.1],[27.25,38],[27.2,37.35],[27.25,36.95],[28,37.05],[28.1,36.6],[28.4,36.85],[29.1,36.65],[29.3,36.25],[29.8,36.15],[30.45,36.25],[30.7,36.9],[31.35,36.8],[32.05,36.55],[32.35,36.2],[32.65,36.05],[33.55,36.15],[34.75,36.8],[35.35,36.55],[36,36.95],[36.2,36.6],[35.8,36.3],[35.9,35.9],[36.15,35.8],[36.6,36.3],[36.65,36.85],[37,36.65],[37.45,36.65],[38.2,36.9],[38.65,36.7],[39.25,36.65],[39.75,36.75],[40.7,37.1],[41.5,37.1],[42,37.2],[42.35,37.1],[42.75,37.35],[43.5,37.25],[44.2,37.25],[44.75,37.15],[44.6,37.7],[44.2,37.9],[44.3,38.85],[44.05,39.4],[44.8,39.65],[44.75,39.7],[44.45,39.95],[44.05,40],[43.6,40.35],[43.75,40.7],[43.45,41.1]]],[[[28,41.95],[27.55,41.9],[27.25,42.1],[26.6,41.95],[26.35,41.7],[26.65,41.4],[26.35,41.25],[26.35,40.95],[26.05,40.75],[26.1,40.6],[27.2,40.65],[27.5,41],[28.25,41.1],[29,41],[29.1,41.25],[28.1,41.6],[28,41.95]]]]},"properties":{"name":"Turkey","ISO3166-1-Alpha-3":"TUR","ISO3166-1-Alpha-2":"TR"}},
{"type":"Feature","geometry":{"type":"MultiPolygon","coordinates":[[[[-1.8,43.4],[-2.35,43.3],[-2.75,43.45],[-3.1,43.35],[-3.55,43.5],[-4.2,43.4],[-4.75,43.4],[-5.4,43.55],[-7.25,43.55],[-8.05,43.7],[-8.5,43.35],[-9.2,43.15],[-9.05,42.6],[-8.8,42.55],[-8.75,41.95],[-8.2,42.15],[-8.05,41.8],[-7.15,42],[-6.65,41.95],[-6.55,41.65],[-6.2,41.55],[-6.8,41.05],[-6.9,40],[-7.3,39.45],[-7.15,39.1],[-7.35,38.45],[-7,38],[-7.25,37.95],[-7.55,37.55],[-7.4,37.2],[-7.05,37.2],[-6.5,36.95],[-6.05,36.2],[-5.6,36],[-5.35,36.15],[-5.2,36.4],[-4.7,36.5],[-4.45,36.7],[-3.4,36.7],[-2.6,36.8],[-2.05,36.8],[-1.65,37.35],[-1.3,37.55],[-0.95,37.55],[-0.6,38.2],[-0.35,38.45],[0.25,38.75],[-0.2,39.1],[-0.3,39.5],[1,41.05],[2.05,41.25],[2.3,41.45],[3.15,41.85],[3.2,42.45],[2.05,42.35],[1.7,42.5],[1.45,42.45],[1.45,42.6],[-0.05,42.7],[-0.3,42.85],[-1.25,43.05],[-1.8,43.4]]],[[[-16.45,28.15],[-16.5,28.4],[-16.9,28.35],[-16.7,28],[-16.45,28.15]]],[[[3.35,39.8],[2.95,39.9],[2.35,39.6],[3.05,39.25],[3.35,39.8]]]]},"properties":{"name":"Spain","ISO3166-1-Alpha-3":"ESP","ISO3166-1-Alpha-2":"ES"}},
{"type":"Feature","geometry":{"type":"Polygon","coordinates":[[[102.1,22.4],[101.65,22.45],[101.5,22.25],[101.75,21.8],[101.7,21.3],[101.3,21.15],[101.15,21.55],[100.75,21.3],[100.5,20.9],[100.2,20.7],[100.1,20.3],[100.35,20.35],[100.55,20.05],[100.4,19.75],[100.45,19.55],[100.85,19.6],[101.2,19.45],[101.25,18.65],[101.05,18.45],[101.15,18.05],[100.9,17.55],[101.15,17.45],[102.1,18.2],[102.6,17.85],[103.05,18],[103.25,18.4],[104,18.3],[104.5,17.65],[104.8,17.35],[104.75,16.55],[105.05,16.15],[105.4,16],[105.65,15.65],[105.6,15],[105.4,14.45],[105.2,14.35],[105.85,13.95],[106.15,14.05],[105.95,14.35],[106.5,14.6],[106.8,14.3],[107.4,14.55],[107.5,14.7],[107.65,15.3],[107.15,15.75],[107.4,15.95],[107.1,16.25],[106.65,16.45],[106.4,17],[105.75,17.65],[105.5,18.15],[105.15,18.3],[105.1,18.7],[104.7,18.8],[103.85,19.3],[104.25,19.7],[104.5,19.6],[104.8,19.8],[104.9,20.2],[104.6,20.65],[104.05,20.95],[103.8,20.85],[103.1,20.85],[102.9,21.25],[102.95,21.75],[102.6,21.9],[102.1,22.4]]]},"properties":{"name":"Laos","ISO3166-1-Alpha-3":"LAO","ISO3166-1-Alpha-2":"LA"}},
{"type":"Feature","geometry":{"type":"Polygon","coordinates":[[[80.2,42.2],[79.9,42.4],[79.5,42.45],[79.05,42.75],[78.5,42.9],[75.75,42.95],[75.2,42.85],[74.25,43.2],[73.65,43.05],[73.4,42.6],[72.75,42.65],[71.85,42.85],[71.4,42.8],[71,42.55],[70.95,42.25],[70.85,41.95],[70.15,41.6],[70.75,41.25],[71.3,41.1],[71.6,41.3],[72.15,41.15],[72.6,40.9],[72.35,40.4],[72.1,40.45],[71.65,40.15],[71.35,40.3],[70.95,40.25],[70.65,40],[69.95,40.2],[69.3,40],[69.3,39.55],[70.6,39.55],[71,39.4],[71.45,39.6],[72.3,39.35],[73.15,39.35],[73.65,39.45],[74,40.05],[74.35,40.1],[74.85,40.5],[75.2,40.45],[75.55,40.65],[75.7,40.3],[76.45,40.4],[76.85,41],[78.05,41.05],[78.35,41.4],[79.3,41.8],[80.2,42],[80.2,42.2]]]},"properties":{"name":"Kyrgyzstan","ISO3166-1-Alpha-3":"KGZ","ISO3166-1-Alpha-2":"KG"}},
{"type":"Feature","geometry":{"type":"Polygon","coordinates":[[[45,41.3],[43.45,41.1],[43.75,40.7],[43.6,40.35],[44.05,40],[44.45,39.95],[44.75,39.7],[45.75,39.35],[46.15,38.85],[46.5,38.9],[46.6,39.25],[45.85,39.8],[46,40.2],[45.55,40.45],[45.55,40.8],[45,41.3]]]},"properties":{"name":"Armenia","ISO3166-1-Alpha-3":"ARM","ISO3166-1-Alpha-2":"AM"}},
{"type":"Feature","geometry":{"type":"MultiPolygon","coordinates":[[[[8.65,54.9],[9.45,54.8],[9.6,55.45],[10.25,55.9],[10.4,56.2],[10.25,56.9],[10.55,57.25],[10.45,57.55],[9.95,57.6],[9.1,57.05],[8.6,56.5],[8.1,56.55],[8.3,55.6],[8.6,55.45],[8.65,54.9]]],[[[10.65,55.05],[10.85,55.3],[10.3,55.6],[9.9,55.25],[10.65,55.05]]],[[[12.05,54.9],[12.4,55.25],[12.25,55.55],[12.6,55.7],[12.25,56.15],[11.05,55.7],[11.25,55.2],[11.65,55.2],[12.05,54.9]]]]},"properties":{"name":"Denmark","ISO3166-1-Alpha-3":"DNK","ISO3166-1-Alpha-2":"DK"}},
{"type":"Feature","geometry":{"type":"Polygon","coordinates":[[[11.5,33.2],[11.45,32.35],[10.85,32.15],[10.1,31.4],[10.25,30.9],[9.85,30.35],[9.5,30.25],[9.3,30.1],[9.65,29.6],[9.85,29.15],[9.8,28.25],[9.95,27.85],[9.7,27.3],[9.9,26.85],[9.85,26.5],[9.5,26.35],[9.4,26.1],[9.95,25.4],[10.05,24.85],[10.45,24.5],[10.7,24.55],[11.55,24.25],[11.95,23.5],[13.5,23.2],[14.25,22.6],[15,23],[16,23.45],[17.45,22.75],[19.15,21.85],[21.65,20.65],[24,19.5],[24,20],[24.95,20],[25,22],[25,23.75],[25,25.2],[25,27.65],[25,29.2],[24.7,30.15],[25,30.8],[24.85,31.4],[25.15,31.65],[25,31.95],[24.1,32],[23.1,32.3],[23.1,32.65],[22.1,32.9],[21.6,32.95],[20.55,32.55],[20.05,32.2],[19.9,31.7],[20.15,31.2],[20.05,30.8],[19.75,30.5],[19.05,30.25],[18.65,30.4],[18.2,30.8],[17.35,31.1],[16.75,31.2],[16.05,31.3],[15.5,31.65],[15.2,32.4],[14.45,32.5],[14.2,32.7],[13.35,32.9],[12.75,32.8],[12.35,32.85],[11.5,33.2]]]},"properties":{"name":"Libya","ISO3166-1-Alpha-3":"LBY","ISO3166-1-Alpha-2":"LY"}},
{"type":"Feature","geometry":{"type":"Polygon","coordinates":[[[11.5,33.2],[11.2,33.2],[11.1,33.55],[10.35,33.7],[10.05,34],[10.15,34.35],[10.6,34.55],[11.1,35.2],[11,35.65],[10.6,35.85],[10.5,36.35],[10.8,36.45],[11.1,36.85],[11,37.1],[10.55,36.75],[10.15,37.25],[9.65,37.35],[9.2,37.25],[8.6,36.95],[8.45,36.8],[8.25,35.85],[8.3,35.65],[8.25,34.65],[7.85,34.4],[7.5,33.9],[7.75,33.2],[8.1,33.1],[8.3,32.55],[9.05,32.05],[9.5,30.25],[9.85,30.35],[10.25,30.9],[10.1,31.4],[10.85,32.15],[11.45,32.35],[11.5,33.2]]]},"properties":{"name":"Tunisia","ISO3166-1-Alpha-3":"TUN","ISO3166-1-Alpha-2":"TN"}},
{"type":"Feature","geometry":{"type":"Polygon","coordinates":[[[22.9,47.95],[22.25,47.7],[21.65,47],[21.15,46.3],[20.25,46.1],[20.7,45.75],[20.75,45.5],[21.5,45.15],[21.35,44.85],[21.65,44.7],[22.3,44.7],[22.7,44.25],[22.9,43.85],[23.35,43.9],[24.15,43.75],[24.5,43.8],[25.35,43.65],[25.8,43.75],[26.15,44],[27.05,44.2],[27.4,44],[27.95,43.95],[28.6,43.75],[28.8,44.7],[29.6,44.85],[29.65,45.2],[29.3,45.45],[28.7,45.25],[28.2,45.45],[28.1,46],[28.25,46.45],[28.05,47],[27.25,47.7],[27.05,48.1],[26.6,48.25],[26.15,48],[25.25,47.9],[24.9,47.7],[24.55,47.95],[23.35,48],[22.9,47.95]]]},"properties":{"name":"Romania","ISO3166-1-Alpha-3":"ROU","ISO3166-1-Alpha-2":"RO"}},
{"type":"Feature","geometry":{"type":"Polygon","coordinates":[[[22.9,47.95],[22.15,48.4],[21.75,48.35],[21.4,48.55],[20.5,48.55],[19.9,48.15],[18.85,48.05],[18.75,47.8],[17.85,47.75],[17.15,48],[16.4,47.35],[16.45,47.05],[16.1,46.85],[16.5,46.5],[16.85,46.4],[17.35,45.95],[18.4,45.75],[18.9,45.95],[19.55,46.15],[20.25,46.1],[21.15,46.3],[21.65,47],[22.25,47.7],[22.9,47.95]]]},"properties":{"name":"Hungary","ISO3166-1-Alpha-3":"HUN","ISO3166-1-Alpha-2":"HU"}},
{"type":"Feature","geometry":{"type":"Polygon","coordinates":[[[22.55,49.05],[21.8,49.4],[21.25,49.45],[20.95,49.3],[20.35,49.4],[19.75,49.2],[19.45,49.6],[18.85,49.5],[18.55,49.5],[18.1,49.1],[16.95,48.6],[16.85,48.35],[17.15,48],[17.85,47.75],[18.75,47.8],[18.85,48.05],[19.9,48.15],[20.5,48.55],[21.4,48.55],[21.75,48.35],[22.15,48.4],[22.55,49.05]]]},"properties":{"name":"Slovakia","ISO3166-1-Alpha-3":"SVK","ISO3166-1-Alpha-2":"SK"}},
{"type":"Feature","geometry":{"type":"Polygon","coordinates":[[[18.85,49.5],[19.45,49.6],[19.75,49.2],[20.35,49.4],[20.95,49.3],[21.25,49.45],[21.8,49.4],[22.55,49.05],[22.65,49.55],[23.1,49.95],[24.1,50.55],[23.6,51.5],[23.65,52.1],[23.15,52.3],[23.85,52.65],[23.9,53.15],[23.5,53.95],[23.45,54.15],[22.75,54.35],[20.95,54.4],[19.6,54.45],[19,54.35],[18.6,54.45],[18.45,54.8],[17.9,54.8],[16.55,54.55],[16.2,54.3],[14.2,53.95],[14.2,53.9],[14.25,53.7],[14.4,53.25],[14.2,52.8],[14.65,52.6],[14.75,52.1],[14.6,51.8],[15,51.25],[14.8,50.85],[16.35,50.65],[16.35,50.35],[16.7,50.1],[17.2,50.4],[17.85,49.95],[18.55,49.9],[18.85,49.5]]]},"properties":{"name":"Poland","ISO3166-1-Alpha-3":"POL","ISO3166-1-Alpha-2":"PL"}},
{"type":"Feature","geometry":{"type":"Polygon","coordinates":[[[-7.25,55.05],[-7.35,55.35],[-8.25,55.15],[-8.6,54.6],[-8.5,54.3],[-9.8,54.35],[-10.05,53.4],[-9.25,53.15],[-9.85,52.25],[-10.3,52.25],[-10.25,51.85],[-9.75,51.6],[-9.1,51.55],[-8.55,51.65],[-7.45,52.15],[-6.35,52.2],[-6,52.95],[-6.25,54.1],[-7.05,54.4],[-7.3,54.1],[-7.85,54.2],[-8.15,54.45],[-7.55,54.75],[-7.25,55.05]]]},"properties":{"name":"Ireland","ISO3166-1-Alpha-3":"IRL","ISO3166-1-Alpha-2":"IE"}},
{"type":"Feature","geometry":{"type":"MultiPolygon","coordinates":[[[[-7.25,55.05],[-7.55,54.75],[-8.15,54.45],[-7.85,54.2],[-7.3,54.1],[-7.05,54.4],[-6.25,54.1],[-5.6,54.25],[-5.55,54.65],[-6.5,55.25],[-7.25,55.05]]],[[[-2.65,51.6],[-3.05,51.2],[-4.15,51.2],[-4.8,50.6],[-5.45,50.2],[-5.2,49.95],[-4.75,50.35],[-4.2,50.4],[-3.65,50.25],[-3.45,50.6],[-2.85,50.75],[-2,50.6],[-1.3,50.8],[-0.8,50.75],[-0.15,50.85],[0.25,50.75],[1.35,51.15],[0.9,51.6],[1.6,52.1],[1.75,52.5],[1.25,52.95],[0.35,53.1],[0.15,53.65],[-0.55,54.5],[-1.3,54.75],[-1.65,55.6],[-2.15,55.9],[-2.95,56.2],[-2.2,56.85],[-1.75,57.45],[-2.1,57.7],[-3.5,57.7],[-4.05,57.95],[-3.2,58.3],[-3.2,58.65],[-4.4,58.5],[-5,58.65],[-5.3,58],[-5.8,57.85],[-5.6,57.3],[-6,56.6],[-5.65,56.5],[-5.6,55.75],[-5,55.85],[-4.6,55.5],[-5.15,55],[-4.85,54.85],[-3.95,54.75],[-3,53.95],[-3.05,53.45],[-4.15,53.25],[-4.05,52.55],[-4.2,52.3],[-5.3,51.9],[-4.95,51.6],[-4.65,51.75],[-3.55,51.4],[-2.65,51.6]]],[[[-6.95,57.75],[-6.35,58.05],[-6.35,58.45],[-7.15,58.1],[-6.95,57.75]]]]},"properties":{"name":"United Kingdom","ISO3166-1-Alpha-3":"GBR","ISO3166-1-Alpha-2":"GB"}},
{"type":"Feature","geometry":{"type":"MultiPolygon","coordinates":[[[[20.95,40.85],[21.05,40.65],[20.65,40.1],[20,39.7],[20.3,39.35],[20.7,39.05],[21.15,38.3],[22,38.4],[23.1,38.2],[22.85,37.95],[21.95,38.35],[21.1,37.85],[21.55,37.55],[21.7,36.8],[22.15,37],[22.35,36.65],[23.1,36.8],[22.7,37.55],[23.15,37.6],[23.1,37.9],[23.45,38],[24.05,37.7],[23.95,38.3],[23.2,38.7],[22.85,39.2],[23.1,39.5],[22.55,40.05],[22.7,40.5],[23.3,40.25],[23.85,40.4],[24.4,40.95],[24.8,40.85],[25.3,40.95],[26.05,40.75],[26.35,40.95],[26.35,41.25],[26.65,41.4],[26.35,41.7],[26.1,41.35],[25.3,41.25],[24.55,41.55],[23.6,41.35],[22.9,41.35],[22.75,41.15],[21.9,41.1],[21.6,40.85],[20.95,40.85]]],[[[26.3,35.3],[25.85,35.1],[25.5,35.3],[24.7,35.45],[24.35,35.35],[24.05,35.55],[23.55,35.45],[23.6,35.25],[24.4,35.2],[24.75,34.95],[26.25,35.05],[26.3,35.3]]],[[[26.6,39.05],[26.35,39.4],[25.9,39.15],[26.4,38.95],[26.6,39.05]]]]},"properties":{"name":"Greece","ISO3166-1-Alpha-3":"GRC","ISO3166-1-Alpha-2":"GR"}},
{"type":"Feature","geometry":{"type":"Polygon","coordinates":[[[32.9,-9.4],[32.4,-9.15],[31.65,-8.9],[31.35,-8.6],[30.95,-8.55],[30.75,-8.2],[28.9,-8.45],[28.75,-8.95],[28.35,-9.25],[28.65,-9.8],[28.65,-10.5],[28.45,-11.35],[28.5,-11.85],[29.05,-12.4],[29.45,-12.35],[29.8,-12.15],[29.8,-13.4],[29.55,-13.25],[29.15,-13.45],[28.4,-12.5],[27.95,-12.3],[27.65,-12.3],[27.4,-11.9],[26.95,-11.85],[26.65,-12],[26,-11.9],[25.35,-11.65],[25.3,-11.2],[24.3,-11.4],[24.4,-11.1],[23.95,-10.85],[24.05,-11.4],[23.95,-11.6],[24.05,-12.4],[23.85,-12.8],[24,-13],[22,-13],[22,-14.35],[22,-16.15],[22.15,-16.6],[22.35,-16.65],[22.75,-17.15],[23.4,-17.65],[24.2,-17.5],[24.95,-17.55],[25.25,-17.8],[25.7,-17.8],[26,-18],[26.2,-17.9],[26.7,-18.05],[27.05,-17.95],[27.6,-17.35],[27.8,-17],[28.8,-16.45],[28.85,-16.1],[29.2,-15.8],[29.85,-15.6],[30.4,-15.65],[30.2,-15],[31.65,-14.5],[33.2,-14],[33.05,-14],[32.7,-13.55],[33,-13.2],[33,-12.6],[33.35,-12.5],[33.25,-12.05],[33.25,-11.4],[33.4,-11.15],[33.3,-10.8],[33.65,-10.6],[33.2,-9.75],[32.9,-9.4]]]},"properties":{"name":"Zambia","ISO3166-1-Alpha-3":"ZMB","ISO3166-1-Alpha-2":"ZM"}},
{"type":"Feature","geometry":{"type":"Polygon","coordinates":[[[-10.3,8.5],[-10.65,8.5],[-10.7,9.3],[-11.25,10],[-11.9,10],[-12.5,9.85],[-12.7,9.4],[-13.05,9.1],[-13.3,9.05],[-13.15,8.45],[-12.9,7.85],[-12.55,7.7],[-12.5,7.4],[-11.85,7.15],[-11.5,6.9],[-11.35,7.15],[-10.6,7.75],[-10.35,8.15],[-10.3,8.5]]]},"properties":{"name":"Sierra Leone","ISO3166-1-Alpha-3":"SLE","ISO3166-1-Alpha-2":"SL"}},
{"type":"Feature","geometry":{"type":"Polygon","coordinates":[[[-13.3,9.05],[-13.05,9.1],[-12.7,9.4],[-12.5,9.85],[-11.9,10],[-11.25,10],[-10.7,9.3],[-10.65,8.5],[-10.3,8.5],[-9.7,8.5],[-9.4,8],[-9.45,7.4],[-8.95,7.25],[-8.5,7.55],[-8.25,7.55],[-8,8.1],[-7.7,8.6],[-7.95,8.8],[-7.85,9.4],[-8.1,9.4],[-8.15,9.95],[-8,10.15],[-8.3,10.55],[-8.3,11],[-8.5,11.05],[-8.55,11.4],[-8.85,11.65],[-8.8,11.9],[-9,12.4],[-9.3,12.35],[-9.7,12.05],[-10.25,12.2],[-10.7,11.9],[-10.9,12.2],[-11.2,12],[-11.5,12.2],[-11.4,12.4],[-12.1,12.4],[-12.35,12.3],[-13.1,12.65],[-13.75,12.65],[-13.75,11.7],[-14.3,11.65],[-14.7,11.5],[-15,10.95],[-14.75,10.8],[-14.45,10.35],[-13.6,9.7],[-13.3,9.35],[-13.3,9.05]]]},"properties":{"name":"Guinea","ISO3166-1-Alpha-3":"GIN","ISO3166-1-Alpha-2":"GN"}},
{"type":"Feature","geometry":{"type":"Polygon","coordinates":[[[-11.5,6.9],[-11.35,6.7],[-10.4,6.2],[-9.3,5.15],[-8.25,4.6],[-7.55,4.35],[-7.6,4.9],[-7.4,5.5],[-7.45,5.85],[-7.8,5.95],[-7.95,6.25],[-8.4,6.35],[-8.55,6.55],[-8.3,7],[-8.5,7.55],[-8.95,7.25],[-9.45,7.4],[-9.4,8],[-9.7,8.5],[-10.3,8.5],[-10.35,8.15],[-10.6,7.75],[-11.35,7.15],[-11.5,6.9]]]},"properties":{"name":"Liberia","ISO3166-1-Alpha-3":"LBR","ISO3166-1-Alpha-2":"LR"}},
{"type":"Feature","geometry":{"type":"Polygon","coordinates":[[[22.85,10.9],[22.45,11],[21.7,10.65],[21.65,10.25],[21.25,10],[20.85,9.4],[20.35,9.1],[19.1,9],[19.1,8.7],[18.6,8.05],[17.7,8],[16.75,7.55],[16.35,7.65],[15.8,7.45],[15.5,7.5],[15.2,7.25],[15.05,6.8],[14.7,6.25],[14.4,6],[14.65,5.75],[14.5,5.3],[14.65,5.15],[14.7,4.6],[15,4.4],[15.15,3.75],[16.1,2.85],[16.2,2.25],[16.5,2.85],[16.55,3.45],[17.35,3.6],[17.85,3.55],[18.5,3.6],[18.65,3.5],[18.7,4.4],[19.1,4.9],[19.4,5.15],[19.7,5.15],[20.35,4.75],[20.6,4.4],[20.85,4.45],[21.55,4.25],[22.5,4.15],[22.9,4.8],[23.4,4.6],[24.15,4.9],[24.45,5.1],[24.65,4.9],[25.3,5.05],[25.6,5.35],[26.45,5.05],[27.1,5.2],[27.45,5.05],[27.3,5.2],[27.15,5.7],[26.55,6.05],[26.3,6.4],[26.4,6.65],[26.05,7],[25.35,7.35],[25.3,7.65],[24.85,8.15],[24.15,8.35],[24.15,8.7],[23.5,8.8],[23.45,9.15],[23.65,9.3],[23.6,9.9],[23.3,10.45],[22.85,10.9]]]},"properties":{"name":"Central African Republic","ISO3166-1-Alpha-3":"CAF","ISO3166-1-Alpha-2":"CF"}},
{"type":"Feature","geometry":{"type":"Polygon","coordinates":[[[22.85,10.9],[23.3,10.45],[23.6,9.9],[23.65,9.3],[23.45,9.15],[23.5,8.8],[24.15,8.7],[24.55,8.9],[24.8,9.8],[25.1,10.3],[25.85,10.4],[25.9,10.2],[26.55,9.5],[27.1,9.6],[27.9,9.6],[28.05,9.35],[28.85,9.3],[29,9.6],[29.5,9.75],[29.6,10.05],[30,10.25],[30.75,9.75],[31.25,9.8],[31.65,10.2],[31.95,10.65],[32.4,11.05],[32.35,11.7],[32.1,12],[32.75,12],[32.75,12.2],[33.2,12.2],[33.1,11.6],[33.2,10.85],[33.9,10.2],[34.05,9.45],[34.3,10.25],[34.3,10.55],[34.6,10.9],[34.95,10.85],[34.95,11.25],[35.2,11.9],[35.6,12.6],[36.1,12.7],[36.25,13.35],[36.4,13.55],[36.55,14.25],[36.4,15.1],[36.95,16.25],[36.9,16.55],[37,17.05],[37.4,17.05],[37.5,17.3],[38.35,17.65],[38.6,18],[38.15,18.25],[37.95,18.6],[37.45,18.85],[37.25,19.65],[37.15,21.15],[36.9,21.7],[36.9,22],[34.1,22],[33.85,21.75],[33.55,21.7],[33.2,22],[31.25,22],[28.3,22],[26.35,22],[25,22],[24.95,20],[24,20],[24,19.5],[24,17.85],[24,15.7],[23.1,15.7],[22.95,15.55],[22.95,15.2],[22.45,14.65],[22.45,14.25],[22.05,13.75],[22.25,13.35],[21.95,13.05],[21.8,12.8],[22.2,12.75],[22.6,12],[22.65,11.5],[22.9,11.4],[22.85,10.9]]]},"properties":{"name":"Sudan","ISO3166-1-Alpha-3":"SDN","ISO3166-1-Alpha-2":"SD"}},
{"type":"Feature","geometry":{"type":"Polygon","coordinates":[[[43.25,11.5],[43.05,11.8],[43.4,12],[43.4,12.25],[43.1,12.7],[42.7,12.35],[42.4,12.45],[41.75,11.55],[41.8,10.95],[42.6,11.1],[42.9,11],[43.25,11.5]]]},"properties":{"name":"Djibouti","ISO3166-1-Alpha-3":"DJI","ISO3166-1-Alpha-2":"DJ"}},
{"type":"Feature","geometry":{"type":"Polygon","coordinates":[[[43.1,12.7],[42.75,12.85],[42.3,13.55],[41.7,13.95],[41.15,14.65],[40.8,14.7],[40.55,15],[40.15,15],[39.9,15.5],[39.7,15.25],[39.25,16.1],[39.15,16.65],[38.95,17.4],[38.6,18],[38.35,17.65],[37.5,17.3],[37.4,17.05],[37,17.05],[36.9,16.55],[36.95,16.25],[36.4,15.1],[36.55,14.25],[37.05,14.3],[37.3,14.45],[37.55,14.1],[37.9,14.9],[38.45,14.4],[39.5,14.5],[40.1,14.45],[40.85,14.1],[41.2,13.6],[41.7,13.25],[41.95,12.9],[42.4,12.45],[42.7,12.35],[43.1,12.7]]]},"properties":{"name":"Eritrea","ISO3166-1-Alpha-3":"ERI","ISO3166-1-Alpha-2":"ER"}},
{"type":"Feature","geometry":{"type":"Polygon","coordinates":[[[16.95,48.6],[16.45,48.8],[16.05,48.75],[15,49],[14.7,48.6],[14.05,48.6],[13.8,48.75],[13.7,48.5],[12.75,48.1],[13,47.85],[12.75,47.65],[11.6,47.6],[11.1,47.4],[10.6,47.55],[10.3,47.3],[9.95,47.5],[9.55,47.55],[9.5,47.25],[9.6,47.05],[10.1,46.85],[10.45,46.85],[11,46.75],[11.3,47],[12.1,47],[12.4,46.7],[13.7,46.5],[14.5,46.4],[15.05,46.65],[15.45,46.6],[16.1,46.85],[16.45,47.05],[16.4,47.35],[17.15,48],[16.85,48.35],[16.95,48.6]]]},"properties":{"name":"Austria","ISO3166-1-Alpha-3":"AUT","ISO3166-1-Alpha-2":"AT"}},
{"type":"Feature","geometry":{"type":"Polygon","coordinates":[[[44.75,37.15],[44.2,37.25],[43.5,37.25],[42.75,37.35],[42.35,37.1],[41.85,36.6],[41.4,36.55],[41.25,36.05],[41.35,35.65],[41.2,35.2],[41.2,34.75],[41,34.45],[40.7,34.35],[38.75,33.35],[39.15,32.1],[40.4,31.9],[42.1,31.1],[42.85,30.5],[44.7,29.2],[46.35,29.05],[46.55,29.1],[46.85,29.45],[47.1,29.95],[47.35,30.1],[47.95,30],[48.55,29.95],[48.4,30.2],[48,30.45],[48,31],[47.65,31],[47.7,31.4],[47.85,31.75],[47.4,32.35],[46.25,32.95],[45.9,33.65],[45.65,33.7],[45.5,34.6],[46.15,35.2],[45.8,35.8],[45.35,36.1],[45,36.55],[44.75,37.15]]]},"properties":{"name":"Iraq","ISO3166-1-Alpha-3":"IRQ","ISO3166-1-Alpha-2":"IQ"}},
{"type":"Feature","geometry":{"type":"MultiPolygon","coordinates":[[[[7,45.95],[6.8,45.85],[7.05,45.2],[6.6,45.1],[7,44.75],[6.85,44.5],[7.05,44.25],[7.7,44.1],[7.5,43.8],[7.95,43.85],[8.75,44.45],[9.25,44.35],[10.1,44],[10.55,43.15],[10.5,42.95],[11.65,42.3],[11.85,42.05],[13.05,41.25],[13.7,41.25],[14.05,40.85],[14.75,40.7],[14.9,40.25],[15.4,40],[15.6,40.05],[16.2,38.9],[15.65,38.25],[15.65,37.95],[16.1,37.95],[16.55,38.45],[16.55,38.7],[17.15,38.95],[17.15,39.4],[16.5,39.7],[16.6,40.1],[17.05,40.5],[17.85,40.3],[18,40],[18.4,39.8],[18.5,40.1],[18,40.65],[17.05,41.1],[16,41.45],[16.05,41.95],[15.1,41.95],[14.75,42.1],[14.1,42.6],[13.6,43.55],[12.7,44],[12.35,44.25],[12.25,44.75],[12.5,45.45],[13.15,45.75],[13.7,45.6],[13.35,46.3],[13.7,46.5],[12.4,46.7],[12.1,47],[11.3,47],[11,46.75],[10.45,46.85],[10.15,46.4],[9.2,46.25],[9,46.05],[8.45,46.25],[7.85,45.9],[7,45.95]],[[12.45,43.9],[12.4,43.9],[12.4,43.95],[12.5,43.95],[12.45,43.9]]],[[[15.55,38.3],[14.25,38],[13.8,37.95],[13.3,38.2],[12.45,37.8],[13.9,37.1],[14.3,37.05],[14.5,36.8],[15.05,36.65],[15.35,37.05],[15.1,37.3],[15.2,37.75],[15.55,38.3]]],[[[9.8,40.55],[9.55,41.1],[9.25,41.25],[8.75,40.9],[8.15,40.75],[8.45,40.3],[8.55,39.85],[8.35,39.25],[8.65,38.9],[9.1,39.2],[9.55,39.15],[9.8,40.55]]]]},"properties":{"name":"Italy","ISO3166-1-Alpha-3":"ITA","ISO3166-1-Alpha-2":"IT"}},
{"type":"Feature","geometry":{"type":"Polygon","coordinates":[[[10.45,46.85],[10.1,46.85],[9.6,47.05],[9.5,47.2],[9.5,47.25],[9.55,47.55],[8.55,47.8],[8.1,47.55],[7.6,47.6],[7.05,47.35],[6.05,46.45],[6.75,46.45],[7,45.95],[7.85,45.9],[8.45,46.25],[9,46.05],[9.2,46.25],[10.15,46.4],[10.45,46.85]]]},"properties":{"name":"Switzerland","ISO3166-1-Alpha-3":"CHE","ISO3166-1-Alpha-2":"CH"}},
{"type":"Feature","geometry":{"type":"Polygon","coordinates":[[[44.8,39.65],[44.05,39.4],[44.3,38.85],[44.2,37.9],[44.6,37.7],[44.75,37.15],[45,36.55],[45.35,36.1],[45.8,35.8],[46.15,35.2],[45.5,34.6],[45.65,33.7],[45.9,33.65],[46.25,32.95],[47.4,32.35],[47.85,31.75],[47.7,31.4],[47.65,31],[48,31],[48,30.45],[48.4,30.2],[48.55,29.95],[48.95,30.1],[49.6,30.05],[50.05,30.2],[50.15,29.95],[50.65,29.45],[50.65,29.15],[51.05,28.75],[51.4,28],[52,27.85],[52.55,27.55],[52.6,27.35],[53.4,27],[53.7,26.7],[54.3,26.7],[54.8,26.5],[55.7,27],[56.35,27.2],[56.8,27.15],[56.95,26.95],[57.15,26.1],[57.35,25.8],[57.95,25.7],[58.05,25.55],[58.8,25.55],[59.1,25.4],[59.45,25.45],[59.9,25.35],[60.35,25.35],[61.4,25.05],[61.6,25.2],[61.65,25.75],[61.85,26.25],[62.3,26.5],[62.75,26.65],[63.15,26.65],[63.25,27.2],[62.8,27.25],[62.75,28],[62.35,28.4],[61.9,28.55],[61.65,28.75],[61.3,29.4],[60.85,29.85],[61.8,30.85],[61.65,31.4],[60.85,31.5],[60.85,32.25],[60.55,33.15],[60.9,33.55],[60.5,33.65],[60.5,34.1],[60.7,34.55],[61.05,34.8],[61.25,35.6],[61.1,36.65],[60.35,36.65],[60,37.05],[59.5,37.2],[59.35,37.5],[58.85,37.65],[58.35,37.65],[58.2,37.75],[57.35,37.95],[57.05,38.2],[56.45,38.25],[56.3,38.1],[55.4,38.1],[54.85,37.75],[54.8,37.5],[53.9,37.35],[54,36.8],[53.5,36.9],[51.9,36.6],[51.1,36.75],[50.5,37.05],[50.15,37.4],[49.45,37.5],[49,37.75],[48.85,38.45],[48.6,38.4],[48.05,38.95],[48.35,39.4],[47.85,39.7],[46.85,39.15],[46.5,38.9],[46.15,38.85],[45.45,39],[44.8,39.65]]]},"properties":{"name":"Iran","ISO3166-1-Alpha-3":"IRN","ISO3166-1-Alpha-2":"IR"}},
{"type":"Feature","geometry":{"type":"MultiPolygon","coordinates":[[[[7.2,53.25],[6.75,53.45],[6,53.4],[5.4,53.1],[4.75,52.95],[4.5,52.35],[4.15,52],[4.25,51.35],[4.75,51.5],[5.2,51.25],[5.85,51.15],[6,50.75],[6.2,51.5],[5.95,51.8],[6.7,51.9],[7.05,52.35],[7.2,53.25]]],[[[3.35,51.4],[3.95,51.2],[4.2,51.35],[3.35,51.4]]]]},"properties":{"name":"Netherlands","ISO3166-1-Alpha-3":"NLD","ISO3166-1-Alpha-2":"NL"}},
{"type":"Feature","geometry":{"type":"Polygon","coordinates":[[[9.5,47.25],[9.5,47.2],[9.6,47.05],[9.5,47.25]]]},"properties":{"name":"Liechtenstein","ISO3166-1-Alpha-3":"LIE","ISO3166-1-Alpha-2":"LI"}},
{"type":"Feature","geometry":{"type":"Polygon","coordinates":[[[-8,10.15],[-8.15,9.95],[-8.1,9.4],[-7.85,9.4],[-7.95,8.8],[-7.7,8.6],[-8,8.1],[-8.25,7.55],[-8.5,7.55],[-8.3,7],[-8.55,6.55],[-8.4,6.35],[-7.95,6.25],[-7.8,5.95],[-7.45,5.85],[-7.4,5.5],[-7.6,4.9],[-7.55,4.35],[-6.9,4.65],[-5.85,5.05],[-4.8,5.15],[-4.15,5.3],[-3.3,5.1],[-2.85,5.15],[-2.75,5.35],[-2.95,5.6],[-3.25,6.6],[-3.05,7.05],[-2.85,7.8],[-2.5,8.2],[-2.6,8.9],[-2.75,9.05],[-2.7,9.5],[-3.15,9.85],[-3.65,9.95],[-4.25,9.75],[-4.3,9.6],[-4.95,9.9],[-5.1,10.3],[-5.5,10.45],[-6.2,10.2],[-6.2,10.65],[-6.5,10.55],[-6.95,10.2],[-7.7,10.4],[-8,10.15]]]},"properties":{"name":"Ivory Coast","ISO3166-1-Alpha-3":"CIV","ISO3166-1-Alpha-2":"CI"}},
{"type":"Feature","geometry":{"type":"Polygon","coordinates":[[[20.25,46.1],[19.55,46.15],[18.9,45.95],[19,45.4],[19.3,45.25],[19,44.85],[19.2,44.3],[19.6,44.05],[19.2,43.55],[19.6,43.15],[20.35,42.85],[20.85,43.15],[21.4,42.75],[21.75,42.7],[21.55,42.25],[22.35,42.3],[22.5,42.85],[22.95,43.1],[22.5,43.45],[22.35,43.8],[22.7,44.25],[22.3,44.7],[21.65,44.7],[21.35,44.85],[21.5,45.15],[20.75,45.5],[20.7,45.75],[20.25,46.1]]]},"properties":{"name":"Republic of Serbia","ISO3166-1-Alpha-3":"SRB","ISO3166-1-Alpha-2":"RS"}},
{"type":"Feature","geometry":{"type":"Polygon","coordinates":[[[-12.25,14.75],[-12.2,14.4],[-12,14.15],[-12,13.55],[-11.6,13.35],[-11.45,13.1],[-11.4,12.4],[-11.5,12.2],[-11.2,12],[-10.9,12.2],[-10.7,11.9],[-10.25,12.2],[-9.7,12.05],[-9.3,12.35],[-9,12.4],[-8.8,11.9],[-8.85,11.65],[-8.55,11.4],[-8.5,11.05],[-8.3,11],[-8.3,10.55],[-8,10.15],[-7.7,10.4],[-6.95,10.2],[-6.5,10.55],[-6.2,10.65],[-6.2,10.2],[-5.5,10.45],[-5.2,11.4],[-5.15,11.95],[-4.8,12],[-4.4,12.3],[-4.25,12.95],[-4.35,13.1],[-4,13.4],[-3.6,13.2],[-3.25,13.3],[-2.85,14.05],[-2.45,14.3],[-2,14.2],[-1.95,14.5],[-1.7,14.5],[-1.05,14.8],[-0.75,15.05],[-0.25,15.05],[0.2,14.9],[0.95,15],[1.35,15.3],[3.5,15.35],[3.85,15.7],[4.2,16.4],[4.25,17],[4.25,19.15],[3.3,19],[3.1,19.15],[3.25,19.4],[3.2,19.8],[2.4,20.05],[2.2,20.3],[1.8,20.3],[1.65,20.5],[1.15,20.8],[1.15,21.1],[-0.95,22.5],[-2.5,23.5],[-4.8,25],[-6.6,25],[-6.35,23.15],[-6.2,21.8],[-5.95,19.6],[-5.75,17.75],[-5.6,16.55],[-5.35,16.3],[-5.5,15.5],[-6.65,15.5],[-9.35,15.5],[-9.85,15.35],[-10.75,15.4],[-10.9,15.1],[-11.4,15.6],[-11.75,15.55],[-11.85,14.9],[-12.25,14.75]]]},"properties":{"name":"Mali","ISO3166-1-Alpha-3":"MLI","ISO3166-1-Alpha-2":"ML"}},
{"type":"Feature","geometry":{"type":"Polygon","coordinates":[[[-12.25,14.75],[-12.85,15.2],[-12.95,15.5],[-13.25,15.6],[-13.5,16.15],[-13.8,16.1],[-14.35,16.65],[-14.95,16.65],[-15.65,16.5],[-16.35,16.45],[-16.55,15.8],[-17.15,14.95],[-17.2,14.65],[-16.8,14.1],[-16.55,13.6],[-15.5,13.6],[-15.4,13.75],[-14.9,13.8],[-14.35,13.45],[-13.95,13.6],[-13.85,13.35],[-14.2,13.25],[-15,13.5],[-15.8,13.3],[-15.85,13.15],[-16.65,13.15],[-16.75,13.05],[-16.75,12.35],[-16.25,12.45],[-15.7,12.45],[-15.2,12.7],[-13.75,12.65],[-13.1,12.65],[-12.35,12.3],[-12.1,12.4],[-11.4,12.4],[-11.45,13.1],[-11.6,13.35],[-12,13.55],[-12,14.15],[-12.2,14.4],[-12.25,14.75]]]},"properties":{"name":"Senegal","ISO3166-1-Alpha-3":"SEN","ISO3166-1-Alpha-2":"SN"}},
{"type":"Feature","geometry":{"type":"Polygon","coordinates":[[[3.6,11.7],[3.5,11.4],[3.7,11.1],[3.85,10.6],[3.5,9.85],[3.15,9.45],[3.1,9.15],[2.75,9.05],[2.65,7.9],[2.75,7.05],[2.7,6.35],[3.55,6.45],[4.4,6.35],[5,5.85],[5.35,5.35],[5.6,4.65],[6.1,4.3],[6.95,4.35],[7.15,4.6],[7.55,4.55],[8.3,4.55],[8.6,4.8],[8.8,5.15],[8.85,5.85],[9.6,6.5],[9.75,6.75],[10.1,7],[10.5,6.85],[10.6,7.05],[11.05,6.7],[11.1,6.45],[11.5,6.6],[11.8,7.25],[12.2,8],[12.25,8.4],[12.8,8.85],[12.85,9.4],[13.2,9.55],[13.25,10.1],[13.45,10.15],[13.55,10.7],[14,11.3],[14.15,11.25],[14.6,11.5],[14.65,12.15],[14.2,12.4],[14.05,13.1],[13.6,13.7],[12.9,13.5],[12.45,13.05],[12.05,13.1],[11.45,13.35],[10.65,13.4],[9.95,13.15],[9.65,12.8],[8.7,12.9],[8.1,13.3],[7.75,13.35],[7.4,13.1],[6.9,13],[6.35,13.65],[5.55,13.85],[5.25,13.75],[4.5,13.7],[4.15,13.45],[4.1,13],[3.65,12.55],[3.6,11.7]]]},"properties":{"name":"Nigeria","ISO3166-1-Alpha-3":"NGA","ISO3166-1-Alpha-2":"NG"}},
{"type":"Feature","geometry":{"type":"Polygon","coordinates":[[[3.6,11.7],[2.85,12.4],[2.35,12.2],[2.4,11.9],[2,11.45],[1.45,11.45],[0.9,11],[0.75,10.35],[1.35,10],[1.45,9.3],[1.6,9.05],[1.65,7],[1.6,6.2],[2.7,6.35],[2.75,7.05],[2.65,7.9],[2.75,9.05],[3.1,9.15],[3.15,9.45],[3.5,9.85],[3.85,10.6],[3.7,11.1],[3.5,11.4],[3.6,11.7]]]},"properties":{"name":"Benin","ISO3166-1-Alpha-3":"BEN","ISO3166-1-Alpha-2":"BJ"}},
{"type":"Feature","geometry":{"type":"MultiPolygon","coordinates":[[[[13.05,-4.65],[12.75,-4.4],[12.4,-4.6],[12,-5],[12.25,-5.5],[12.2,-5.75],[12.5,-5.75],[12.55,-5.15],[12.85,-4.7],[13.05,-4.65]]],[[[23.95,-10.85],[23,-11.1],[22.55,-11.05],[22.3,-11.25],[22.15,-10.85],[22.3,-10.35],[22.15,-9.95],[21.85,-9.6],[21.85,-8.85],[21.95,-8.4],[21.75,-8],[21.85,-7.6],[21.8,-7.3],[20.5,-7.3],[20.3,-7],[19.5,-7],[19.35,-8],[18.2,-8],[18.1,-8.1],[17.55,-8],[17,-7.3],[16.95,-6.9],[16.75,-6.55],[16.6,-5.9],[16.3,-5.85],[14.7,-5.9],[13.2,-5.85],[12.3,-6.15],[12.8,-6.95],[12.85,-7.25],[13.35,-8.3],[13.4,-8.75],[13,-9.1],[13.2,-9.7],[13.75,-10.65],[13.85,-11.1],[13.8,-11.75],[13.65,-12.25],[13.35,-12.6],[12.95,-12.8],[12.95,-13],[12.5,-13.45],[12.5,-13.85],[12.35,-14.1],[12.25,-14.75],[12.05,-15.25],[12,-15.6],[11.75,-15.9],[11.8,-16.5],[11.75,-17.25],[12.1,-17.15],[12.55,-17.25],[12.9,-17.05],[13.35,-16.95],[13.95,-17.4],[16.35,-17.4],[18.45,-17.4],[18.75,-17.75],[19,-17.8],[20.05,-17.9],[20.35,-17.85],[20.8,-18.05],[21.4,-18],[23.4,-17.65],[22.75,-17.15],[22.35,-16.65],[22.15,-16.6],[22,-16.15],[22,-14.35],[22,-13],[24,-13],[23.85,-12.8],[24.05,-12.4],[23.95,-11.6],[24.05,-11.4],[23.95,-10.85]]]]},"properties":{"name":"Angola","ISO3166-1-Alpha-3":"AGO","ISO3166-1-Alpha-2":"AO"}},
{"type":"Feature","geometry":{"type":"MultiPolygon","coordinates":[[[[16.5,46.5],[15.65,46.2],[15.65,45.85],[15.25,45.7],[15.3,45.45],[14.65,45.55],[13.9,45.4],[13.6,45.5],[13.65,45.05],[13.95,44.85],[14.35,45.35],[14.85,45.1],[14.9,44.7],[15.3,44.35],[15.15,44.2],[16.1,43.5],[16.45,43.55],[16.9,43.4],[17.6,42.95],[17.1,43.5],[16.2,44.2],[16.1,44.5],[15.7,44.8],[15.8,45.15],[16.95,45.3],[17.85,45.05],[18.6,45.1],[19,44.85],[19.3,45.25],[19,45.4],[18.9,45.95],[18.4,45.75],[17.35,45.95],[16.85,46.4],[16.5,46.5]]],[[[18.45,42.55],[17.65,42.9],[18.5,42.4],[18.45,42.55]]]]},"properties":{"name":"Croatia","ISO3166-1-Alpha-3":"HRV","ISO3166-1-Alpha-2":"HR"}},
{"type":"Feature","geometry":{"type":"Polygon","coordinates":[[[13.6,45.5],[13.9,45.4],[14.65,45.55],[15.3,45.45],[15.25,45.7],[15.65,45.85],[15.65,46.2],[16.5,46.5],[16.1,46.85],[15.45,46.6],[15.05,46.65],[14.5,46.4],[13.7,46.5],[13.35,46.3],[13.7,45.6],[13.6,45.5]]]},"properties":{"name":"Slovenia","ISO3166-1-Alpha-3":"SVN","ISO3166-1-Alpha-2":"SI"}},
{"type":"Feature","geometry":{"type":"Polygon","coordinates":[[[50.8,24.75],[51.2,24.65],[51.45,24.7],[51.6,25.15],[51.45,25.5],[51.6,25.9],[51.25,26.15],[51.05,26.05],[50.75,25.4],[50.8,24.75]]]},"properties":{"name":"Qatar","ISO3166-1-Alpha-3":"QAT","ISO3166-1-Alpha-2":"QA"}},
{"type":"Feature","geometry":{"type":"Polygon","coordinates":[[[50.8,24.75],[50.55,25.05],[50.45,25.45],[50.25,25.6],[50.1,26],[50.2,26.2],[49.95,26.85],[49.7,26.95],[49.1,27.55],[48.6,28.15],[48.45,28.55],[47.65,28.55],[47.45,29],[46.55,29.1],[46.35,29.05],[44.7,29.2],[42.85,30.5],[42.1,31.1],[40.4,31.9],[39.15,32.1],[38.95,32],[36.95,31.5],[38,30.5],[37.65,30.3],[37.45,30],[36.75,29.85],[36.5,29.5],[36,29.2],[34.95,29.35],[34.65,28.15],[35.05,28.1],[36.25,26.65],[36.65,25.85],[36.95,25.65],[37.25,25.2],[37.15,24.85],[37.45,24.45],[38.1,24.05],[38.6,23.55],[38.8,23],[39.15,22.4],[39,21.85],[39.1,21.3],[39.65,20.45],[40.5,19.95],[40.95,19.35],[41.2,18.7],[41.7,17.9],[42.3,17.45],[42.35,17.15],[42.75,16.65],[42.8,16.35],[43.2,16.75],[43.15,17.35],[43.4,17.5],[43.75,17.35],[45.15,17.45],[45.45,17.3],[46.3,17.2],[46.7,17.3],[46.95,16.95],[47.45,17.1],[47.6,17.45],[48.15,18.15],[49.15,18.6],[52,19],[53.65,19.55],[55,20],[55.65,22],[55.2,22.7],[55.1,22.6],[52.6,22.95],[51.6,24.1],[51.55,24.25],[51.2,24.65],[50.8,24.75]]]},"properties":{"name":"Saudi Arabia","ISO3166-1-Alpha-3":"SAU","ISO3166-1-Alpha-2":"SA"}},
{"type":"Feature","geometry":{"type":"Polygon","coordinates":[[[25.25,-17.8],[24.95,-17.8],[24.6,-18.05],[24.2,-18.05],[23.65,-18.45],[23.3,-18],[23,-18],[21.5,-18.3],[21,-18.3],[21,-19.9],[20.95,-22],[20,-22],[20,-24.75],[20.35,-25.05],[20.8,-25.9],[20.85,-26.15],[20.6,-26.7],[21.1,-26.85],[21.7,-26.85],[22.7,-26],[22.85,-25.5],[23,-25.3],[23.45,-25.3],[23.9,-25.65],[24.8,-25.85],[25.6,-25.6],[25.85,-24.75],[26.4,-24.65],[26.85,-24.25],[27,-23.65],[27.95,-22.95],[28.35,-22.6],[28.9,-22.45],[29.05,-22.2],[29.35,-22.2],[29.05,-21.8],[28.65,-21.65],[28,-21.55],[27.65,-21.1],[27.7,-20.5],[27.35,-20.45],[27.2,-20.1],[26.75,-19.95],[26.15,-19.5],[25.95,-18.9],[25.5,-18.4],[25.25,-17.8]]]},"properties":{"name":"Botswana","ISO3166-1-Alpha-3":"BWA","ISO3166-1-Alpha-2":"BW"}},
{"type":"Feature","geometry":{"type":"Polygon","coordinates":[[[25.25,-17.8],[25.5,-18.4],[25.95,-18.9],[26.15,-19.5],[26.75,-19.95],[27.2,-20.1],[27.35,-20.45],[27.7,-20.5],[27.65,-21.1],[28,-21.55],[28.65,-21.65],[29.05,-21.8],[29.35,-22.2],[29.75,-22.15],[30.3,-22.35],[30.85,-22.3],[31.3,-22.4],[32.4,-21.3],[32.45,-20.7],[32.85,-20.3],[33.05,-19.8],[32.75,-19.35],[33,-18.45],[32.95,-18.05],[33,-17.35],[32.85,-16.95],[32.9,-16.7],[32.3,-16.45],[31.9,-16.45],[31.7,-16.2],[31.25,-16],[30.4,-16],[30.4,-15.65],[29.85,-15.6],[29.2,-15.8],[28.85,-16.1],[28.8,-16.45],[27.8,-17],[27.6,-17.35],[27.05,-17.95],[26.7,-18.05],[26.2,-17.9],[26,-18],[25.7,-17.8],[25.25,-17.8]]]},"properties":{"name":"Zimbabwe","ISO3166-1-Alpha-3":"ZWE","ISO3166-1-Alpha-2":"ZW"}},
{"type":"Feature","geometry":{"type":"Polygon","coordinates":[[[76.8,35.65],[76.55,35.85],[76.15,35.8],[75.9,36.1],[76,36.45],[75.35,36.9],[74.55,37],[74.1,36.85],[73.65,36.9],[72.55,36.8],[71.65,36.45],[71.15,36.05],[71.6,35.55],[71.65,35.2],[71.1,34.65],[71.05,34.05],[70.5,33.95],[70,34.05],[70.3,33.3],[69.9,33.1],[69.55,33.1],[69.25,32.4],[69.3,31.95],[69,31.65],[68.15,31.8],[67.35,31.2],[66.7,31.2],[66.35,30.9],[66.2,29.85],[65.05,29.55],[64.5,29.55],[64.1,29.4],[63.55,29.5],[62.5,29.4],[60.85,29.85],[61.3,29.4],[61.65,28.75],[61.9,28.55],[62.35,28.4],[62.75,28],[62.8,27.25],[63.25,27.2],[63.15,26.65],[62.75,26.65],[62.3,26.5],[61.85,26.25],[61.65,25.75],[61.6,25.2],[61.9,25.1],[62.5,25.25],[63.5,25.2],[63.55,25.35],[64.65,25.25],[64.8,25.35],[65.65,25.35],[66.45,25.6],[66.7,25.25],[66.7,24.85],[67.2,24.75],[67.3,24.2],[67.65,23.8],[68.2,23.85],[68.7,23.95],[68.75,24.3],[69.55,24.3],[69.95,24.15],[70.55,24.4],[70.75,24.25],[71.05,24.7],[70.65,25.45],[70.05,26],[70.15,26.55],[69.8,26.6],[69.45,26.8],[69.6,27.2],[70.35,28],[70.85,27.7],[71.85,27.95],[72.4,28.8],[72.9,29],[73.25,29.55],[73.35,29.95],[73.95,30.2],[73.85,30.35],[74.35,30.9],[74.6,31.45],[74.5,31.7],[74.85,32.05],[75.3,32.15],[75,32.45],[74,33.2],[74.15,33.55],[74,34.2],[73.75,34.35],[73.95,34.65],[74.3,34.75],[75.8,34.5],[76,34.7],[76.55,34.75],[77.05,35.1],[76.8,35.65]]]},"properties":{"name":"Pakistan","ISO3166-1-Alpha-3":"PAK","ISO3166-1-Alpha-2":"PK"}},
{"type":"Feature","geometry":{"type":"Polygon","coordinates":[[[26.35,41.7],[26.6,41.95],[27.25,42.1],[27.55,41.9],[28,41.95],[27.5,42.55],[27.9,42.7],[28.1,43.35],[28.45,43.4],[28.6,43.75],[27.95,43.95],[27.4,44],[27.05,44.2],[26.15,44],[25.8,43.75],[25.35,43.65],[24.5,43.8],[24.15,43.75],[23.35,43.9],[22.9,43.85],[22.7,44.25],[22.35,43.8],[22.5,43.45],[22.95,43.1],[22.5,42.85],[22.35,42.3],[22.85,42],[23,41.7],[22.9,41.35],[23.6,41.35],[24.55,41.55],[25.3,41.25],[26.1,41.35],[26.35,41.7]]]},"properties":{"name":"Bulgaria","ISO3166-1-Alpha-3":"BGR","ISO3166-1-Alpha-2":"BG"}},
{"type":"Feature","geometry":{"type":"Polygon","coordinates":[[[102.9,11.65],[102.9,11.75],[102.7,12.15],[102.75,12.4],[102.55,12.65],[102.35,13.3],[103.1,14.3],[103.55,14.4],[103.85,14.35],[104.75,14.45],[105.2,14.35],[105.4,14.45],[105.6,15],[105.65,15.65],[105.4,16],[105.05,16.15],[104.75,16.55],[104.8,17.35],[104.5,17.65],[104,18.3],[103.25,18.4],[103.05,18],[102.6,17.85],[102.1,18.2],[101.15,17.45],[100.9,17.55],[101.15,18.05],[101.05,18.45],[101.25,18.65],[101.2,19.45],[100.85,19.6],[100.45,19.55],[100.4,19.75],[100.55,20.05],[100.35,20.35],[100.1,20.3],[99.95,20.45],[99,19.85],[98.55,19.7],[98.2,19.7],[97.85,19.55],[97.75,18.6],[97.45,18.5],[97.75,17.95],[97.75,17.7],[98.3,17.05],[98.65,16.45],[98.55,15.35],[98.15,15.15],[98.25,14.8],[98.55,14.4],[98.95,14.05],[99.15,13.7],[99.2,12.75],[99.4,12.6],[99.45,12.15],[99.65,11.8],[99.25,11.2],[98.75,10.7],[98.75,10.35],[98.35,9.2],[98.2,8.75],[98.3,8.25],[98.6,8.35],[99.3,7.6],[99.35,7.35],[99.7,7.1],[99.8,6.8],[100.15,6.45],[100.4,6.5],[101.1,6.25],[101.1,5.65],[101.55,5.9],[101.8,5.75],[102.05,6.25],[101.55,6.85],[101,6.85],[100.6,7.2],[100.4,7.2],[100.2,8.45],[99.95,8.65],[99.85,9.3],[99.45,9.2],[99.2,9.65],[99.15,10.35],[99.5,10.9],[99.5,11.1],[99.85,11.95],[100,12.2],[99.95,12.65],[100.1,13.05],[99.95,13.25],[100.3,13.5],[100.95,13.45],[100.85,12.7],[101.45,12.6],[101.85,12.65],[102.3,12.2],[102.75,12.05],[102.9,11.65]]]},"properties":{"name":"Thailand","ISO3166-1-Alpha-3":"THA","ISO3166-1-Alpha-2":"TH"}},
{"type":"Feature","geometry":{"type":"Polygon","coordinates":[[[12.45,43.9],[12.5,43.95],[12.4,43.95],[12.4,43.9],[12.45,43.9]]]},"properties":{"name":"San Marino","ISO3166-1-Alpha-3":"SMR","ISO3166-1-Alpha-2":"SM"}},
{"type":"Feature","geometry":{"type":"Polygon","coordinates":[[[-71.75,19.7],[-72.35,19.75],[-72.8,19.95],[-73.15,19.9],[-73,19.6],[-72.75,19.45],[-72.8,19.05],[-72.55,18.8],[-72.75,18.45],[-73.6,18.5],[-74.25,18.65],[-74.5,18.45],[-73.95,18.15],[-73.4,18.25],[-72.9,18.15],[-72.05,18.25],[-71.8,18.05],[-71.9,18.45],[-71.7,18.8],[-71.65,19.2],[-71.75,19.7]]]},"properties":{"name":"Haiti","ISO3166-1-Alpha-3":"HTI","ISO3166-1-Alpha-2":"HT"}},
{"type":"Feature","geometry":{"type":"Polygon","coordinates":[[[-71.75,19.7],[-71.65,19.2],[-71.7,18.8],[-71.9,18.45],[-71.8,18.05],[-71.4,17.6],[-71.05,18.15],[-70.7,18.45],[-70.55,18.2],[-70.15,18.25],[-69.9,18.45],[-68.85,18.35],[-68.45,18.4],[-68.35,18.65],[-68.75,18.95],[-69.6,19.1],[-69.9,19.65],[-70.3,19.65],[-71,19.95],[-71.65,19.9],[-71.75,19.7]]]},"properties":{"name":"Dominican Republic","ISO3166-1-Alpha-3":"DOM","ISO3166-1-Alpha-2":"DO"}},
{"type":"Feature","geometry":{"type":"Polygon","coordinates":[[[14.05,13.1],[14.4,13.1],[14.85,12.6],[15.05,12.05],[15.15,11.55],[15,11.2],[15.05,10.8],[15.3,10.3],[15.55,10.1],[14.75,9.9],[14.2,10],[13.95,9.65],[14.35,9.15],[15.2,8.5],[15.45,7.85],[15.5,7.5],[15.8,7.45],[16.35,7.65],[16.75,7.55],[17.7,8],[18.6,8.05],[19.1,8.7],[19.1,9],[20.35,9.1],[20.85,9.4],[21.25,10],[21.65,10.25],[21.7,10.65],[22.45,11],[22.85,10.9],[22.9,11.4],[22.65,11.5],[22.6,12],[22.2,12.75],[21.8,12.8],[21.95,13.05],[22.25,13.35],[22.05,13.75],[22.45,14.25],[22.45,14.65],[22.95,15.2],[22.95,15.55],[23.1,15.7],[24,15.7],[24,17.85],[24,19.5],[21.65,20.65],[19.15,21.85],[17.45,22.75],[16,23.45],[15,23],[15.15,22],[15.2,21.5],[15.6,20.95],[15.55,20.8],[15.95,20.35],[15.75,19.9],[15.6,18.15],[15.45,16.9],[14.35,15.75],[13.85,15],[13.75,14.7],[13.45,14.4],[13.6,13.7],[14.05,13.1]]]},"properties":{"name":"Chad","ISO3166-1-Alpha-3":"TCD","ISO3166-1-Alpha-2":"TD"}},
{"type":"Feature","geometry":{"type":"Polygon","coordinates":[[[47.95,30],[47.35,30.1],[47.1,29.95],[46.85,29.45],[46.55,29.1],[47.45,29],[47.65,28.55],[48.45,28.55],[48.15,29],[47.95,29.6],[47.95,30]]]},"properties":{"name":"Kuwait","ISO3166-1-Alpha-3":"KWT","ISO3166-1-Alpha-2":"KW"}},
{"type":"Feature","geometry":{"type":"Polygon","coordinates":[[[-90.1,13.75],[-89.8,13.55],[-89.25,13.45],[-88.8,13.25],[-87.95,13.15],[-87.8,13.4],[-87.7,13.8],[-88.1,14],[-88.5,13.85],[-89.05,14.3],[-89.35,14.4],[-90.1,13.85],[-90.1,13.75]]]},"properties":{"name":"El Salvador","ISO3166-1-Alpha-3":"SLV","ISO3166-1-Alpha-2":"SV"}},
{"type":"Feature","geometry":{"type":"Polygon","coordinates":[[[-89.35,14.4],[-89.15,14.7],[-89.15,15.05],[-88.2,15.75],[-88.9,15.9],[-89.25,15.9],[-89.15,17.05],[-89.15,17.8],[-91,17.8],[-91.05,16.9],[-90.75,16.75],[-90.4,16.35],[-90.5,16.05],[-91.7,16.05],[-92.2,15.3],[-92.15,14.7],[-92.25,14.55],[-91.75,14.2],[-91.3,13.95],[-90.7,13.95],[-90.1,13.75],[-90.1,13.85],[-89.35,14.4]]]},"properties":{"name":"Guatemala","ISO3166-1-Alpha-3":"GTM","ISO3166-1-Alpha-2":"GT"}},
{"type":"Feature","geometry":{"type":"MultiPolygon","coordinates":[[[[124.45,-9.2],[124.05,-9.35],[124.3,-9.5],[124.45,-9.2]]],[[[124.9,-8.95],[125.05,-9.5],[125.6,-9.2],[126.45,-8.95],[127,-8.7],[126.95,-8.3],[125.15,-8.65],[124.9,-8.95]]]]},"properties":{"name":"East Timor","ISO3166-1-Alpha-3":"TLS","ISO3166-1-Alpha-2":"TL"}},
{"type":"Feature","geometry":{"type":"Polygon","coordinates":[[[115,4.9],[114.55,4.7],[114,4.6],[114.25,4.5],[114.6,4],[114.85,4.35],[114.75,4.75],[115,4.9]]]},"properties":{"name":"Brunei","ISO3166-1-Alpha-3":"BRN","ISO3166-1-Alpha-2":"BN"}},
{"type":"Feature","geometry":{"type":"Polygon","coordinates":[[[7.45,43.75],[7.4,43.75],[7.35,43.7],[7.45,43.75]]]},"properties":{"name":"Monaco","ISO3166-1-Alpha-3":"MCO","ISO3166-1-Alpha-2":"MC"}},
{"type":"Feature","geometry":{"type":"Polygon","coordinates":[[[-4.8,25],[-2.5,23.5],[-0.95,22.5],[1.15,21.1],[1.15,20.8],[1.65,20.5],[1.8,20.3],[2.2,20.3],[2.4,20.05],[3.2,19.8],[3.25,19.4],[3.1,19.15],[3.3,19],[4.25,19.15],[5.85,19.5],[7.5,20.85],[9.7,22.2],[11.95,23.5],[11.55,24.25],[10.7,24.55],[10.45,24.5],[10.05,24.85],[9.95,25.4],[9.4,26.1],[9.5,26.35],[9.85,26.5],[9.9,26.85],[9.7,27.3],[9.95,27.85],[9.8,28.25],[9.85,29.15],[9.65,29.6],[9.3,30.1],[9.5,30.25],[9.05,32.05],[8.3,32.55],[8.1,33.1],[7.75,33.2],[7.5,33.9],[7.85,34.4],[8.25,34.65],[8.3,35.65],[8.25,35.85],[8.45,36.8],[8.6,36.95],[7.9,36.85],[7.4,37.1],[6.9,36.9],[6.35,37.05],[6.2,36.9],[5.3,36.65],[4.8,36.9],[3.85,36.9],[3.45,36.8],[2.95,36.8],[2.65,36.6],[2.3,36.65],[1.05,36.5],[0.15,36.05],[-1.2,35.55],[-1.25,35.4],[-1.75,35.15],[-2.2,35.1],[-1.8,34.75],[-1.85,34.6],[-1.65,34.1],[-1.65,33.25],[-1.2,32.4],[-1.25,32.1],[-2.5,32.15],[-2.95,32.05],[-2.85,31.8],[-3.65,31.65],[-3.8,31.2],[-3.55,30.95],[-3.65,30.7],[-4.35,30.5],[-5.25,29.9],[-5.55,29.5],[-5.75,29.6],[-7.15,29.5],[-7.6,29.4],[-8.7,28.65],[-8.7,27.65],[-8.7,27.3],[-7.3,26.45],[-4.8,25]]]},"properties":{"name":"Algeria","ISO3166-1-Alpha-3":"DZA","ISO3166-1-Alpha-2":"DZ"}},
{"type":"Feature","geometry":{"type":"Polygon","coordinates":[[[32.1,-26.85],[32.9,-26.85],[32.95,-26.25],[32.6,-25.95],[32.85,-25.55],[33.75,-25.1],[34.65,-24.8],[35.1,-24.6],[35.5,-24.1],[35.4,-23.85],[35.5,-22.9],[35.5,-22.15],[35.05,-21.15],[35,-20.75],[34.7,-20.35],[34.9,-19.85],[35.35,-19.5],[35.65,-19.15],[36.1,-18.8],[36.25,-18.9],[36.9,-18.2],[37.1,-17.85],[37.9,-17.35],[38.6,-17.1],[39.1,-17],[39.7,-16.55],[40.15,-15.9],[40.55,-15.5],[40.85,-14.45],[40.6,-14.15],[40.55,-13.65],[40.55,-12.8],[40.5,-12.5],[40.55,-12],[40.45,-11.65],[40.5,-10.95],[40.45,-10.45],[40,-10.8],[39.3,-11.15],[38.9,-11.15],[38.5,-11.4],[38.25,-11.3],[37.9,-11.3],[37.8,-11.55],[37.45,-11.7],[37.05,-11.6],[36.2,-11.7],[35.85,-11.4],[35.65,-11.6],[34.95,-11.55],[34.65,-11.55],[34.35,-12.2],[34.5,-12.7],[34.55,-13.35],[34.9,-13.55],[35.45,-14.15],[35.85,-14.65],[35.8,-15.2],[35.8,-16],[35.35,-16.15],[35.2,-16.5],[35.3,-17.1],[34.4,-16.2],[34.25,-15.9],[34.55,-15.25],[34.5,-14.6],[34.35,-14.4],[33.6,-14.5],[33.2,-14],[31.65,-14.5],[30.2,-15],[30.4,-15.65],[30.4,-16],[31.25,-16],[31.7,-16.2],[31.9,-16.45],[32.3,-16.45],[32.9,-16.7],[32.85,-16.95],[33,-17.35],[32.95,-18.05],[33,-18.45],[32.75,-19.35],[33.05,-19.8],[32.85,-20.3],[32.45,-20.7],[32.4,-21.3],[31.3,-22.4],[31.55,-23.15],[31.5,-23.4],[32,-24.4],[31.95,-25.95],[32.1,-26.85]]]},"properties":{"name":"Mozambique","ISO3166-1-Alpha-3":"MOZ","ISO3166-1-Alpha-2":"MZ"}},
{"type":"Feature","geometry":{"type":"Polygon","coordinates":[[[31.95,-25.95],[31.45,-25.75],[31.1,-25.9],[30.8,-26.4],[30.8,-26.7],[31.15,-27.2],[31.95,-27.3],[32.1,-26.85],[31.95,-25.95]]]},"properties":{"name":"eSwatini","ISO3166-1-Alpha-3":"SWZ","ISO3166-1-Alpha-2":"SZ"}},
{"type":"Feature","geometry":{"type":"Polygon","coordinates":[[[30.55,-2.4],[30.4,-2.3],[29.7,-2.8],[29,-2.7],[29.25,-3.05],[29.2,-3.9],[29.4,-4.45],[29.75,-4.45],[30,-4.25],[30.45,-3.5],[30.85,-3.15],[30.4,-2.85],[30.55,-2.4]]]},"properties":{"name":"Burundi","ISO3166-1-Alpha-3":"BDI","ISO3166-1-Alpha-2":"BI"}},
{"type":"Feature","geometry":{"type":"Polygon","coordinates":[[[29,-2.7],[29.7,-2.8],[30.4,-2.3],[30.55,-2.4],[30.85,-2.35],[30.85,-1.6],[30.45,-1.05],[30.15,-1.35],[29.6,-1.4],[29.15,-1.8],[29.15,-2.15],[28.85,-2.4],[29,-2.7]]]},"properties":{"name":"Rwanda","ISO3166-1-Alpha-3":"RWA","ISO3166-1-Alpha-2":"RW"}},
{"type":"Feature","geometry":{"type":"Polygon","coordinates":[[[92.6,22],[92.6,21.5],[92.2,21.3],[92.25,21.05],[92.4,20.7],[92.75,20.2],[93.15,20],[93.35,20.1],[94,19.4],[93.75,18.95],[94.15,18.85],[94.5,18.1],[94.55,17.3],[94.4,16.9],[94.2,16.15],[94.85,15.8],[95.4,15.7],[95.75,16.15],[96.6,16.5],[97.05,17.25],[97.25,16.7],[97.55,16.55],[97.6,16],[97.75,15.85],[97.8,14.9],[98.1,14.15],[98.1,13.7],[98.45,13.5],[98.7,12.7],[98.55,12.3],[98.7,11.95],[98.7,10.9],[98.45,10.7],[98.75,10.35],[98.75,10.7],[99.25,11.2],[99.65,11.8],[99.45,12.15],[99.4,12.6],[99.2,12.75],[99.15,13.7],[98.95,14.05],[98.55,14.4],[98.25,14.8],[98.15,15.15],[98.55,15.35],[98.65,16.45],[98.3,17.05],[97.75,17.7],[97.75,17.95],[97.45,18.5],[97.75,18.6],[97.85,19.55],[98.2,19.7],[98.55,19.7],[99,19.85],[99.95,20.45],[100.1,20.3],[100.2,20.7],[100.5,20.9],[100.75,21.3],[101.15,21.55],[101.05,21.75],[100.6,21.45],[99.95,21.7],[99.95,22.05],[99.15,22.2],[99.35,22.5],[99.2,23.05],[98.9,23.3],[98.85,23.6],[98.5,24.1],[97.9,24],[97.7,24.15],[97.55,24.75],[97.75,25.1],[98.7,25.9],[98.75,26.75],[98.7,27.6],[98.4,27.7],[98.1,28.15],[97.55,28.55],[97.3,28.2],[97.2,27.9],[96.85,27.6],[96.75,27.35],[96.15,27.25],[95.4,26.7],[95.1,26.6],[95.15,26.05],[95,25.75],[94.6,25.4],[94.7,25.05],[94,23.9],[93.45,23.95],[93.35,23.15],[93.1,22.75],[93.15,22.25],[92.6,22]]]},"properties":{"name":"Myanmar","ISO3166-1-Alpha-3":"MMR","ISO3166-1-Alpha-2":"MM"}},
{"type":"Feature","geometry":{"type":"Polygon","coordinates":[[[92.6,22],[92.35,23.3],[92.15,23.75],[91.55,23],[91.3,23.15],[91.15,23.6],[91.35,24.1],[91.6,24.1],[92.1,24.4],[92.25,24.8],[92.45,24.95],[92,25.2],[90.35,25.15],[89.8,25.35],[89.85,25.9],[89.35,26],[88.8,26.25],[88.65,26.4],[88.15,26.15],[88.05,25.9],[88.55,25.5],[88.75,25.5],[88.9,25.15],[88.45,25.15],[88,24.65],[88.5,24.3],[88.75,24.3],[88.55,23.65],[88.85,22.95],[89.05,22.15],[89.1,21.8],[90.2,21.8],[90.6,22.3],[90.4,22.75],[90.65,23.1],[90.95,22.6],[91.2,22.55],[91.45,22.8],[91.7,22.55],[92,21.6],[92.05,21.15],[92.25,21.05],[92.2,21.3],[92.6,21.5],[92.6,22]]]},"properties":{"name":"Bangladesh","ISO3166-1-Alpha-3":"BGD","ISO3166-1-Alpha-2":"BD"}},
{"type":"Feature","geometry":{"type":"Polygon","coordinates":[[[1.7,42.5],[1.45,42.6],[1.45,42.45],[1.7,42.5]]]},"properties":{"name":"Andorra","ISO3166-1-Alpha-3":"AND","ISO3166-1-Alpha-2":"AD"}},
{"type":"Feature","geometry":{"type":"Polygon","coordinates":[[[74.55,37],[74.9,37.25],[74.65,37.4],[73.3,37.45],[71.6,36.7],[71.45,37.05],[71.6,37.9],[71.25,37.95],[71.35,38.3],[70.95,38.45],[70.6,38.35],[70.15,37.9],[70.15,37.55],[69.55,37.6],[69.3,37.1],[69,37.3],[68.3,37.1],[68,36.95],[67.8,37.2],[67.25,37.2],[67,37.4],[66.5,37.35],[65.65,37.5],[65.5,37.25],[64.75,37.1],[64.6,36.45],[64.25,36.15],[63.35,35.85],[63.1,35.45],[62.6,35.2],[62.05,35.4],[61.55,35.45],[61.25,35.6],[61.05,34.8],[60.7,34.55],[60.5,34.1],[60.5,33.65],[60.9,33.55],[60.55,33.15],[60.85,32.25],[60.85,31.5],[61.65,31.4],[61.8,30.85],[60.85,29.85],[62.5,29.4],[63.55,29.5],[64.1,29.4],[64.5,29.55],[65.05,29.55],[66.2,29.85],[66.35,30.9],[66.7,31.2],[67.35,31.2],[68.15,31.8],[69,31.65],[69.3,31.95],[69.25,32.4],[69.55,33.1],[69.9,33.1],[70.3,33.3],[70,34.05],[70.5,33.95],[71.05,34.05],[71.1,34.65],[71.65,35.2],[71.6,35.55],[71.15,36.05],[71.65,36.45],[72.55,36.8],[73.65,36.9],[74.1,36.85],[74.55,37]]]},"properties":{"name":"Afghanistan","ISO3166-1-Alpha-3":"AFG","ISO3166-1-Alpha-2":"AF"}},
{"type":"Feature","geometry":{"type":"Polygon","coordinates":[[[18.5,42.4],[19.35,41.85],[19.25,42.2],[19.6,42.6],[20.05,42.55],[20.35,42.85],[19.6,43.15],[19.2,43.55],[18.9,43.5],[18.45,43],[18.45,42.55],[18.5,42.4]]]},"properties":{"name":"Montenegro","ISO3166-1-Alpha-3":"MNE","ISO3166-1-Alpha-2":"ME"}},
{"type":"Feature","geometry":{"type":"Polygon","coordinates":[[[17.65,42.9],[18.45,42.55],[18.45,43],[18.9,43.5],[19.2,43.55],[19.6,44.05],[19.2,44.3],[19,44.85],[18.6,45.1],[17.85,45.05],[16.95,45.3],[15.8,45.15],[15.7,44.8],[16.1,44.5],[16.2,44.2],[17.1,43.5],[17.6,42.95],[17.65,42.9]]]},"properties":{"name":"Bosnia and Herzegovina","ISO3166-1-Alpha-3":"BIH","ISO3166-1-Alpha-2":"BA"}},
{"type":"Feature","geometry":{"type":"Polygon","coordinates":[[[30.45,-1.05],[30.85,-1],[32.35,-1],[33.9,-1],[33.95,-0.15],[33.9,0.1],[34.5,1.1],[34.8,1.25],[35,1.7],[34.9,2.5],[34.45,3.2],[34.3,3.7],[34,4.2],[33.55,3.75],[33,3.9],[31.95,3.6],[31.8,3.8],[31.5,3.65],[31.15,3.8],[30.85,3.5],[30.75,3.05],[30.85,2.9],[30.7,2.45],[31.2,2.3],[31.25,2.05],[30.5,1.25],[30.25,1.15],[29.95,0.8],[29.95,0.5],[29.7,0.1],[29.55,-0.9],[29.6,-1.4],[30.15,-1.35],[30.45,-1.05]]]},"properties":{"name":"Uganda","ISO3166-1-Alpha-3":"UGA","ISO3166-1-Alpha-2":"UG"}},
{"type":"Feature","geometry":{"type":"Polygon","coordinates":[[[-75.1,19.9],[-75.15,19.95],[-75.15,19.9],[-75.1,19.9]]]},"properties":{"name":"US Naval Base Guantanamo Bay","ISO3166-1-Alpha-3":"-99","ISO3166-1-Alpha-2":"-99"}},
{"type":"Feature","geometry":{"type":"MultiPolygon","coordinates":[[[[-75.1,19.9],[-74.8,20.05],[-74.25,20.05],[-74.6,20.5],[-75,20.7],[-75.8,20.75],[-75.6,21],[-76.1,21.1],[-76.65,21.3],[-77.5,21.85],[-77.9,21.9],[-78.05,22.1],[-78.8,22.4],[-79.35,22.4],[-80,22.95],[-80.6,23.1],[-82.05,23.2],[-82.6,23.05],[-83.2,23],[-84,22.7],[-84.4,22.35],[-84.3,21.9],[-83.95,22.15],[-83.4,22.2],[-82.65,22.7],[-81.9,22.7],[-81.7,22.45],[-81.8,22.2],[-81.2,22.2],[-81,22.05],[-80.45,22.05],[-80.25,21.9],[-79.25,21.55],[-78.75,21.65],[-78.5,21.05],[-78.05,20.7],[-77.3,20.7],[-77.1,20.5],[-77.75,19.85],[-76.25,20],[-75.25,19.9],[-75.15,19.95],[-75.1,19.9]]],[[[-82.55,21.65],[-82.7,21.9],[-83.05,21.75],[-82.85,21.45],[-82.55,21.65]]]]},"properties":{"name":"Cuba","ISO3166-1-Alpha-3":"CUB","ISO3166-1-Alpha-2":"CU"}},
{"type":"Feature","geometry":{"type":"Polygon","coordinates":[[[-89.35,14.4],[-89.05,14.3],[-88.5,13.85],[-88.1,14],[-87.7,13.8],[-87.8,13.4],[-87.6,13.4],[-87.3,13],[-86.95,13.05],[-86.7,13.3],[-86.75,13.75],[-86.4,13.75],[-86.1,14.05],[-85.8,13.85],[-85.45,14.15],[-84.75,14.8],[-84.5,14.6],[-83.85,14.8],[-83.4,15.05],[-83.15,15],[-83.4,15.25],[-83.75,15.3],[-84.3,15.8],[-85,16],[-85.5,15.85],[-85.7,16],[-86.9,15.75],[-87.7,15.9],[-88.2,15.75],[-89.15,15.05],[-89.15,14.7],[-89.35,14.4]]]},"properties":{"name":"Honduras","ISO3166-1-Alpha-3":"HND","ISO3166-1-Alpha-2":"HN"}},
{"type":"Feature","geometry":{"type":"MultiPolygon","coordinates":[[[[-78.85,1.45],[-78.95,1.15],[-79.45,1.05],[-80.1,0.8],[-80.05,0.05],[-80.5,-0.4],[-80.4,-0.6],[-80.6,-0.95],[-80.9,-1.05],[-80.75,-1.35],[-80.85,-1.6],[-80.65,-2.4],[-80.3,-2.7],[-79.75,-2.55],[-79.95,-3.2],[-80.35,-3.4],[-80.15,-3.9],[-80.5,-4],[-80.4,-4.5],[-80.1,-4.3],[-79.5,-4.55],[-79.3,-4.95],[-79,-4.95],[-78.7,-4.35],[-78.35,-3.5],[-77.85,-3],[-76.7,-2.55],[-76.1,-2.15],[-75.55,-1.5],[-75.25,-0.55],[-75.3,-0.1],[-75.8,0.1],[-76.05,0.35],[-76.9,0.25],[-77.4,0.4],[-77.75,0.85],[-78.1,0.9],[-78.85,1.45]]],[[[-90.8,-0.75],[-91.1,-0.55],[-91.45,-0.8],[-91.4,-1],[-90.95,-0.95],[-90.8,-0.75]]]]},"properties":{"name":"Ecuador","ISO3166-1-Alpha-3":"ECU","ISO3166-1-Alpha-2":"EC"}},
{"type":"Feature","geometry":{"type":"Polygon","coordinates":[[[-78.85,1.45],[-78.1,0.9],[-77.75,0.85],[-77.4,0.4],[-76.9,0.25],[-76.05,0.35],[-75.8,0.1],[-75.3,-0.1],[-74.8,-0.15],[-74.4,-0.55],[-74.3,-0.95],[-73.65,-1.25],[-73.55,-1.65],[-73.2,-1.8],[-73.2,-2.2],[-72.95,-2.4],[-72.4,-2.45],[-71.95,-2.35],[-71.75,-2.15],[-71.2,-2.35],[-70.85,-2.25],[-70.05,-2.7],[-70.75,-3.8],[-70.3,-3.85],[-69.95,-4.25],[-69.75,-3.25],[-69.4,-1.2],[-69.65,-0.5],[-70.05,-0.1],[-70.05,0.6],[-69.15,0.65],[-69.35,1.05],[-69.85,1.05],[-69.85,1.65],[-69.35,1.7],[-68.15,1.7],[-67.8,1.8],[-67.35,2.1],[-67.1,1.7],[-67.1,1.25],[-66.9,1.2],[-67.05,1.9],[-67.35,2.45],[-67.85,2.9],[-67.3,3.45],[-67.65,3.75],[-67.85,4.5],[-67.85,5.3],[-67.65,5.5],[-67.45,6.05],[-67.55,6.25],[-68.65,6.15],[-69.05,6.2],[-69.45,6.1],[-70.1,6.95],[-70.7,7.1],[-71.2,6.95],[-72.1,7.05],[-72.2,7.4],[-72.45,7.45],[-72.5,7.95],[-72.4,8.35],[-72.7,8.65],[-72.8,9.05],[-73,9.3],[-73.4,9.15],[-73,9.85],[-72.9,10.45],[-72.5,11.15],[-72.25,11.15],[-71.95,11.65],[-71.35,11.85],[-71.1,12.1],[-71.25,12.35],[-71.65,12.45],[-72.15,12.1],[-72.25,11.9],[-72.75,11.7],[-73.3,11.3],[-74.2,11.3],[-74.5,10.95],[-74.85,11.1],[-75.5,10.6],[-75.65,9.7],[-76.15,9.25],[-76.25,9],[-76.65,8.7],[-76.85,8.15],[-77.35,8.65],[-77.5,8.55],[-77.2,8],[-77.35,7.7],[-77.8,7.5],[-77.9,7.25],[-77.35,6.55],[-77.4,6.25],[-77.25,5.8],[-77.5,5.6],[-77.35,5.3],[-77.3,4.55],[-77.45,4],[-77.2,3.6],[-77.65,3.05],[-77.75,2.65],[-78.1,2.5],[-78.45,2.6],[-78.85,1.8],[-78.85,1.45]]]},"properties":{"name":"Colombia","ISO3166-1-Alpha-3":"COL","ISO3166-1-Alpha-2":"CO"}},
{"type":"Feature","geometry":{"type":"Polygon","coordinates":[[[-62.65,-22.25],[-62.3,-22.5],[-61.95,-23.05],[-61,-23.8],[-60.35,-24],[-60.05,-24],[-58.8,-24.8],[-58.2,-24.95],[-57.75,-25.2],[-57.55,-25.45],[-58.1,-26.15],[-58.25,-26.75],[-58.65,-27.15],[-58,-27.25],[-57.2,-27.5],[-56.55,-27.45],[-56.1,-27.3],[-55.75,-27.45],[-55.4,-27],[-55,-26.8],[-54.7,-26.45],[-54.6,-25.55],[-54.25,-24.35],[-54.25,-24.05],[-54.6,-23.8],[-54.95,-23.95],[-55.4,-24],[-55.65,-23],[-55.65,-22.65],[-55.9,-22.3],[-56.4,-22.05],[-56.85,-22.3],[-57.85,-22.15],[-58,-22.05],[-57.85,-21.35],[-57.85,-20.75],[-58.15,-20.15],[-58.2,-19.8],[-59.1,-19.3],[-60,-19.3],[-61.75,-19.65],[-61.95,-20.1],[-62.3,-20.6],[-62.3,-21.05],[-62.65,-22.25]]]},"properties":{"name":"Paraguay","ISO3166-1-Alpha-3":"PRY","ISO3166-1-Alpha-2":"PY"}},
{"type":"Feature","geometry":null,"properties":{"name":"Brazilian Island","ISO3166-1-Alpha-3":"-99","ISO3166-1-Alpha-2":"-99"}},
{"type":"Feature","geometry":{"type":"Polygon","coordinates":[[[-7.4,37.2],[-7.55,37.55],[-7.25,37.95],[-7,38],[-7.35,38.45],[-7.15,39.1],[-7.3,39.45],[-6.9,40],[-6.8,41.05],[-6.2,41.55],[-6.55,41.65],[-6.65,41.95],[-7.15,42],[-8.05,41.8],[-8.2,42.15],[-8.75,41.95],[-8.9,41.75],[-8.65,41],[-8.85,40.1],[-9.1,39.6],[-9.35,39.35],[-9.5,38.7],[-8.9,38.5],[-8.75,38.2],[-8.8,37.5],[-8.65,37.1],[-7.8,37],[-7.4,37.2]]]},"properties":{"name":"Portugal","ISO3166-1-Alpha-3":"PRT","ISO3166-1-Alpha-2":"PT"}},
{"type":"Feature","geometry":{"type":"Polygon","coordinates":[[[26.6,48.25],[27.05,48.1],[27.25,47.7],[28.05,47],[28.25,46.45],[28.1,46],[28.2,45.45],[28.95,46],[28.95,46.45],[29.75,46.45],[29.95,46.7],[29.55,46.95],[29.55,47.3],[29.1,47.55],[29.1,48],[28.2,48.2],[27.75,48.45],[26.6,48.25]]]},"properties":{"name":"Moldova","ISO3166-1-Alpha-3":"MDA","ISO3166-1-Alpha-2":"MD"}},
{"type":"Feature","geometry":{"type":"Polygon","coordinates":[[[61.25,35.6],[61.55,35.45],[62.05,35.4],[62.6,35.2],[63.1,35.45],[63.35,35.85],[64.25,36.15],[64.6,36.45],[64.75,37.1],[65.5,37.25],[65.65,37.5],[66.5,37.35],[66.55,38.05],[65.9,38.25],[65.6,38.25],[64.35,38.95],[64.1,38.95],[62.45,40],[62.35,40.45],[62.05,40.7],[61.9,41.1],[60.4,41.25],[60.15,41.6],[59.85,42.3],[59.5,42.3],[58.6,42.8],[58,42.5],[57.85,42.2],[57.4,42.15],[56.95,41.85],[57,41.25],[56,41.3],[55.45,41.3],[54.75,42.05],[54.05,42.35],[53,42.15],[52.45,41.75],[52.55,41.5],[53.1,42.1],[53.9,42.1],[54.05,41.55],[54.6,41.2],[54.65,40.85],[53.7,40.65],[53.1,40.75],[52.75,40.5],[52.9,39.95],[53.55,39.95],[53.35,39.55],[54,38.9],[53.85,38.55],[53.8,37.75],[53.9,37.35],[54.8,37.5],[54.85,37.75],[55.4,38.1],[56.3,38.1],[56.45,38.25],[57.05,38.2],[57.35,37.95],[58.2,37.75],[58.35,37.65],[58.85,37.65],[59.35,37.5],[59.5,37.2],[60,37.05],[60.35,36.65],[61.1,36.65],[61.25,35.6]]]},"properties":{"name":"Turkmenistan","ISO3166-1-Alpha-3":"TKM","ISO3166-1-Alpha-2":"TM"}},
{"type":"Feature","geometry":{"type":"Polygon","coordinates":[[[35.75,32.75],[35.55,32.4],[35.55,31.75],[35.45,31.5],[35.45,31.1],[35.15,30.45],[34.95,29.55],[34.95,29.35],[36,29.2],[36.5,29.5],[36.75,29.85],[37.45,30],[37.65,30.3],[38,30.5],[36.95,31.5],[38.95,32],[39.15,32.1],[38.75,33.35],[36.8,32.3],[36.35,32.4],[35.75,32.75]]]},"properties":{"name":"Jordan","ISO3166-1-Alpha-3":"JOR","ISO3166-1-Alpha-2":"JO"}},
{"type":"Feature","geometry":{"type":"Polygon","coordinates":[[[88.1,27.85],[87.15,27.85],[86.65,28.1],[86.45,27.9],[86,27.9],[85.7,28.3],[85.1,28.3],[84.25,28.9],[84.1,29.25],[83.5,29.2],[83.15,29.65],[82.85,29.65],[82.55,29.9],[82.15,30.05],[82.1,30.35],[81.6,30.4],[81.2,30],[81,30.2],[80.35,29.75],[80.3,29.25],[80.05,28.85],[80.35,28.6],[80.65,28.6],[81.15,28.35],[81.3,28.1],[81.85,27.85],[82.05,27.9],[82.75,27.5],[83.85,27.45],[84.1,27.5],[84.6,27.35],[84.8,27],[85.3,26.75],[85.6,26.85],[85.8,26.55],[86.3,26.6],[86.7,26.4],[87.35,26.35],[88.05,26.45],[88.15,26.75],[87.95,27.1],[88.1,27.85]]]},"properties":{"name":"Nepal","ISO3166-1-Alpha-3":"NPL","ISO3166-1-Alpha-2":"NP"}},
{"type":"Feature","geometry":{"type":"Polygon","coordinates":[[[29,-28.9],[28.65,-28.6],[28.15,-28.7],[27.75,-28.9],[27.25,-29.55],[27,-29.65],[27.35,-30.3],[27.75,-30.6],[28.05,-30.65],[28.35,-30.15],[29.15,-29.9],[29.15,-29.65],[29.45,-29.35],[29.3,-29.1],[29,-28.9]]]},"properties":{"name":"Lesotho","ISO3166-1-Alpha-3":"LSO","ISO3166-1-Alpha-2":"LS"}},
{"type":"Feature","geometry":{"type":"Polygon","coordinates":[[[11.3,2.15],[11.35,2.3],[12.75,2.25],[13.3,2.15],[14.25,2.15],[14.55,2.2],[15.1,2],[15.75,1.9],[16.2,2.25],[16.1,2.85],[15.15,3.75],[15,4.4],[14.7,4.6],[14.65,5.15],[14.5,5.3],[14.65,5.75],[14.4,6],[14.7,6.25],[15.05,6.8],[15.2,7.25],[15.5,7.5],[15.45,7.85],[15.2,8.5],[14.35,9.15],[13.95,9.65],[14.2,10],[14.75,9.9],[15.55,10.1],[15.3,10.3],[15.05,10.8],[15,11.2],[15.15,11.55],[15.05,12.05],[14.85,12.6],[14.4,13.1],[14.05,13.1],[14.2,12.4],[14.65,12.15],[14.6,11.5],[14.15,11.25],[14,11.3],[13.55,10.7],[13.45,10.15],[13.25,10.1],[13.2,9.55],[12.85,9.4],[12.8,8.85],[12.25,8.4],[12.2,8],[11.8,7.25],[11.5,6.6],[11.1,6.45],[11.05,6.7],[10.6,7.05],[10.5,6.85],[10.1,7],[9.75,6.75],[9.6,6.5],[8.85,5.85],[8.8,5.15],[8.6,4.8],[8.85,4.6],[8.95,4.1],[9.4,3.9],[9.9,3.25],[9.8,2.35],[10,2.15],[11.3,2.15]]]},"properties":{"name":"Cameroon","ISO3166-1-Alpha-3":"CMR","ISO3166-1-Alpha-2":"CM"}},
{"type":"Feature","geometry":{"type":"Polygon","coordinates":[[[13.3,2.15],[12.75,2.25],[11.35,2.3],[11.3,2.15],[11.35,1],[9.8,1],[9.3,0.6],[9.5,0.3],[9.25,-0.4],[8.8,-0.75],[9.05,-1.3],[9.3,-1.4],[9.25,-1.8],[9.85,-2.5],[9.9,-2.7],[10.65,-3.3],[11.1,-3.95],[11.2,-3.7],[11.85,-3.55],[11.7,-3.15],[11.55,-2.35],[12.05,-2.4],[12.45,-2.35],[12.4,-1.9],[12.8,-1.9],[13,-2.3],[13.35,-2.45],[13.75,-2.1],[13.9,-2.5],[14.25,-2.3],[14.25,-1.95],[14.5,-1.4],[14.4,-1],[14.5,-0.65],[13.9,-0.05],[13.85,0.2],[14.25,0.55],[14.45,0.9],[14.2,1.4],[13.8,1.45],[13.25,1.2],[13.15,1.6],[13.3,2.15]]]},"properties":{"name":"Gabon","ISO3166-1-Alpha-3":"GAB","ISO3166-1-Alpha-2":"GA"}},
{"type":"Feature","geometry":{"type":"Polygon","coordinates":[[[3.6,11.7],[3.65,12.55],[4.1,13],[4.15,13.45],[4.5,13.7],[5.25,13.75],[5.55,13.85],[6.35,13.65],[6.9,13],[7.4,13.1],[7.75,13.35],[8.1,13.3],[8.7,12.9],[9.65,12.8],[9.95,13.15],[10.65,13.4],[11.45,13.35],[12.05,13.1],[12.45,13.05],[12.9,13.5],[13.6,13.7],[13.45,14.4],[13.75,14.7],[13.85,15],[14.35,15.75],[15.45,16.9],[15.6,18.15],[15.75,19.9],[15.95,20.35],[15.55,20.8],[15.6,20.95],[15.2,21.5],[15.15,22],[15,23],[14.25,22.6],[13.5,23.2],[11.95,23.5],[9.7,22.2],[7.5,20.85],[5.85,19.5],[4.25,19.15],[4.25,17],[4.2,16.4],[3.85,15.7],[3.5,15.35],[1.35,15.3],[0.95,15],[0.2,14.9],[0.15,14.55],[0.6,13.7],[0.95,13.6],[0.95,13.05],[1.55,12.65],[2.1,12.7],[2.05,12.3],[2.4,11.9],[2.35,12.2],[2.85,12.4],[3.6,11.7]]]},"properties":{"name":"Niger","ISO3166-1-Alpha-3":"NER","ISO3166-1-Alpha-2":"NE"}},
{"type":"Feature","geometry":{"type":"Polygon","coordinates":[[[2.4,11.9],[2.05,12.3],[2.1,12.7],[1.55,12.65],[0.95,13.05],[0.95,13.6],[0.6,13.7],[0.15,14.55],[0.2,14.9],[-0.25,15.05],[-0.75,15.05],[-1.05,14.8],[-1.7,14.5],[-1.95,14.5],[-2,14.2],[-2.45,14.3],[-2.85,14.05],[-3.25,13.3],[-3.6,13.2],[-4,13.4],[-4.35,13.1],[-4.25,12.95],[-4.4,12.3],[-4.8,12],[-5.15,11.95],[-5.2,11.4],[-5.5,10.45],[-5.1,10.3],[-4.95,9.9],[-4.3,9.6],[-4.25,9.75],[-3.65,9.95],[-3.15,9.85],[-2.7,9.5],[-2.95,10.65],[-2.75,11],[-0.5,11],[-0.15,11.15],[0.9,11],[1.45,11.45],[2,11.45],[2.4,11.9]]]},"properties":{"name":"Burkina Faso","ISO3166-1-Alpha-3":"BFA","ISO3166-1-Alpha-2":"BF"}},
{"type":"Feature","geometry":{"type":"Polygon","coordinates":[[[-0.15,11.15],[0,11.05],[-0.1,10.65],[0.35,10.3],[0.35,9.55],[0.55,9.4],[0.35,8.75],[0.6,8.5],[0.65,7.3],[0.5,6.85],[0.75,6.4],[1.2,6.1],[1.6,6.2],[1.65,7],[1.6,9.05],[1.45,9.3],[1.35,10],[0.75,10.35],[0.9,11],[-0.15,11.15]]]},"properties":{"name":"Togo","ISO3166-1-Alpha-3":"TGO","ISO3166-1-Alpha-2":"TG"}},
{"type":"Feature","geometry":{"type":"Polygon","coordinates":[[[-0.15,11.15],[-0.5,11],[-2.75,11],[-2.95,10.65],[-2.7,9.5],[-2.75,9.05],[-2.6,8.9],[-2.5,8.2],[-2.85,7.8],[-3.05,7.05],[-3.25,6.6],[-2.95,5.6],[-2.75,5.35],[-2.85,5.15],[-3.1,5.1],[-2.35,4.9],[-2.1,4.75],[-1.55,5],[-0.8,5.2],[-0.35,5.5],[0.3,5.8],[1,5.85],[1.2,6.1],[0.75,6.4],[0.5,6.85],[0.65,7.3],[0.6,8.5],[0.35,8.75],[0.55,9.4],[0.35,9.55],[0.35,10.3],[-0.1,10.65],[0,11.05],[-0.15,11.15]]]},"properties":{"name":"Ghana","ISO3166-1-Alpha-3":"GHA","ISO3166-1-Alpha-2":"GH"}},
{"type":"Feature","geometry":{"type":"Polygon","coordinates":[[[-13.75,12.65],[-15.2,12.7],[-15.7,12.45],[-16.25,12.45],[-16.75,12.35],[-15.95,11.75],[-15.6,11.85],[-15.4,11.55],[-15.4,11.2],[-15,10.95],[-14.7,11.5],[-14.3,11.65],[-13.75,11.7],[-13.75,12.65]]]},"properties":{"name":"Guinea-Bissau","ISO3166-1-Alpha-3":"GNB","ISO3166-1-Alpha-2":"GW"}},
{"type":"Feature","geometry":null,"properties":{"name":"Gibraltar","ISO3166-1-Alpha-3":"GIB","ISO3166-1-Alpha-2":"GI"}},
{"type":"Feature","geometry":{"type":"MultiPolygon","coordinates":[[[[-122.75,49],[-122.45,48.6],[-122.3,47.95],[-122.8,48.1],[-124.05,48.2],[-124.55,48.35],[-124.75,48.15],[-124.4,47.75],[-123.9,46.45],[-123.9,45.65],[-124.15,43.9],[-124.55,42.85],[-124.45,42.35],[-124.05,41.45],[-124.35,40.25],[-123.85,39.85],[-123.8,39.35],[-123.65,38.85],[-122.95,38.25],[-122.9,38.05],[-122.15,37.6],[-122.5,37.55],[-122.4,37.2],[-121.8,36.8],[-121.9,36.3],[-121.25,35.65],[-120.65,35.15],[-120.65,34.6],[-120.45,34.45],[-119.6,34.4],[-118.95,34.05],[-118.55,34.05],[-117.5,33.35],[-117.3,33.1],[-117.15,32.55],[-114.7,32.7],[-114.8,32.5],[-112.3,31.75],[-111.05,31.35],[-108.2,31.35],[-108.2,31.8],[-106.5,31.75],[-105.35,30.85],[-105,30.7],[-104.7,30.2],[-104.55,29.65],[-104.05,29.35],[-103.15,29],[-102.7,29.75],[-102.3,29.9],[-101.4,29.75],[-100.65,29.1],[-100.3,28.3],[-99.7,27.65],[-99.5,27.55],[-99.45,27.05],[-99.1,26.4],[-98.8,26.35],[-98.2,26.1],[-97.7,26.05],[-97.45,25.85],[-97.15,25.95],[-97.3,26.1],[-97.55,27],[-97,28.05],[-96.2,28.6],[-95.6,28.75],[-95.15,29.05],[-94.9,29.4],[-94.05,29.7],[-93.2,29.75],[-92.3,29.55],[-92,29.85],[-91.7,29.75],[-91.25,29.25],[-90.7,29.1],[-90.55,29.3],[-90.1,29.15],[-89.9,29.5],[-89.2,29.05],[-89,29.15],[-89.65,29.5],[-89.45,29.85],[-90.35,30.05],[-90.2,30.4],[-89.7,30.2],[-88.95,30.45],[-87.8,30.25],[-87.15,30.45],[-86.35,30.4],[-85.65,30.1],[-85.3,29.7],[-84.9,29.75],[-84.25,30.1],[-83.7,29.9],[-83.4,29.55],[-82.65,28.9],[-82.65,28.45],[-82.85,27.85],[-82.3,26.85],[-81.85,26.45],[-81.8,26.1],[-81.3,25.8],[-81.1,25.1],[-80.45,25.2],[-80.15,25.9],[-80.05,26.8],[-80.4,27.65],[-80.75,28.35],[-80.6,28.6],[-80.9,29.05],[-81.25,29.8],[-81.5,30.7],[-81.35,31.4],[-80.9,32.05],[-80,32.6],[-79.2,33.2],[-78.95,33.65],[-78.55,33.85],[-77.9,33.95],[-77.85,34.2],[-77.2,34.65],[-76.65,34.7],[-76.45,35.4],[-76.15,35.35],[-75.7,35.85],[-76,36.9],[-76.25,36.95],[-76.4,37.25],[-76.25,37.9],[-76.55,38.8],[-76.15,39.3],[-76.2,38.35],[-75.8,38.15],[-75.7,37.85],[-75.15,38.25],[-75.05,38.55],[-75.4,39.05],[-75.35,39.35],[-74.75,39.05],[-74.15,39.7],[-73.95,40.35],[-74.3,40.5],[-73.65,41],[-72.8,41.25],[-71.5,41.35],[-70.55,41.8],[-70.8,42.25],[-70.8,42.85],[-70.25,43.7],[-70,43.85],[-69.25,43.95],[-69,44.4],[-67.9,44.4],[-67,44.8],[-67.2,45.2],[-67.5,45.3],[-67.45,45.6],[-67.75,45.85],[-67.8,47.05],[-68.2,47.35],[-68.9,47.2],[-69.25,47.45],[-70,46.7],[-70.4,45.75],[-70.85,45.4],[-71.4,45.25],[-71.5,45],[-74.7,45],[-75.25,44.85],[-76.45,44.1],[-76.85,43.65],[-78.7,43.65],[-79.15,43.45],[-79,42.8],[-80.25,42.35],[-81.3,42.2],[-82.4,41.7],[-83.05,41.85],[-83.15,42.25],[-82.5,42.65],[-82.15,43.55],[-82.55,45.3],[-83.5,45.75],[-83.6,46.1],[-83.95,46.05],[-84.15,46.45],[-84.6,46.5],[-84.9,46.9],[-88.35,48.3],[-89.35,48],[-90.2,48.1],[-91.45,48.05],[-92.65,48.55],[-94.6,48.75],[-94.85,49.3],[-95.2,49],[-98.45,49],[-100.65,49],[-102.85,49],[-105.95,49],[-108.15,49],[-110.55,49],[-112.3,49],[-114.5,49],[-116.5,49],[-119.6,49],[-122.75,49]]],[[[-141,69.65],[-142.25,69.85],[-143.25,70.1],[-144.95,70],[-145.9,70.15],[-147.1,70.15],[-149.35,70.5],[-152,70.45],[-152.55,70.9],[-154.55,70.85],[-156.8,71.3],[-158.05,70.85],[-159.35,70.75],[-160.85,70.35],[-162,70.3],[-162.95,69.8],[-163.15,69.35],[-164.35,68.95],[-166.25,68.85],[-166.55,68.35],[-164.15,67.6],[-163.7,67.1],[-162.45,67],[-161.6,66.45],[-161.9,66.05],[-163.7,66.1],[-164,66.6],[-164.7,66.55],[-167.35,65.9],[-168.1,65.6],[-167.4,65.4],[-166.3,65.3],[-166.75,65.05],[-166.2,64.6],[-165.05,64.45],[-164.35,64.6],[-162.6,64.5],[-161.4,64.75],[-161.05,64.5],[-160.8,63.75],[-161.2,63.5],[-162.1,63.45],[-163.1,63.05],[-164.15,63.25],[-164.6,63.15],[-165.15,62.5],[-165.7,62.1],[-165.6,61.85],[-166.2,61.6],[-164.65,60.85],[-165.3,60.6],[-165,60.35],[-163.6,59.8],[-162.55,60],[-161.7,59.5],[-161.95,59.15],[-161.7,58.75],[-161.35,58.75],[-160.35,59.05],[-159.9,58.8],[-159.4,58.75],[-159.05,58.4],[-157.1,58.9],[-157.5,58.45],[-157.7,57.55],[-158.3,57.3],[-158.95,56.85],[-160.35,56.3],[-160.5,55.95],[-161.85,55.9],[-163.05,55.1],[-162.9,54.95],[-161.95,55.15],[-161.6,55.6],[-161.3,55.35],[-160.5,55.5],[-159.65,55.8],[-158.3,56.15],[-158.35,56.45],[-157.2,56.8],[-156.35,57.2],[-156.35,57.4],[-155.4,57.75],[-155,58.05],[-154.15,58.2],[-153.9,58.6],[-153.35,58.95],[-154.2,59.1],[-154.1,59.4],[-152.75,59.9],[-152.35,60.5],[-151.75,60.9],[-150.65,61.3],[-150.45,61.05],[-151.05,60.8],[-151.9,59.8],[-151.75,59.15],[-150.35,59.5],[-149.35,60],[-148.4,60],[-147.95,60.45],[-148.3,60.9],[-146.5,60.8],[-145.7,60.65],[-143.9,60],[-142.8,60.1],[-140.3,59.7],[-138.2,59.05],[-137.5,58.55],[-136.6,58.2],[-135.85,58.55],[-135.05,58.3],[-134.5,58.35],[-133.55,57.7],[-133.4,57.35],[-131.95,56.35],[-131.95,56],[-131.4,56],[-131.15,55.95],[-130.9,55.7],[-131.05,55.2],[-130.95,54.8],[-130.35,54.9],[-130,55.3],[-130.15,55.75],[-130,55.9],[-130.05,56.1],[-131.1,56.4],[-132.1,56.85],[-132.05,57.05],[-132.55,57.5],[-133.45,58.45],[-134.2,58.85],[-135.1,59.4],[-135.5,59.8],[-136.25,59.6],[-136.45,59.3],[-137.4,58.9],[-137.6,59.25],[-139.2,60.05],[-141,60.3],[-141,61.65],[-141,63.4],[-141,64.55],[-141,66.6],[-141,67.75],[-141,69.65]]],[[[-130.95,55.6],[-131.3,55.95],[-131.65,55.85],[-131.8,55.5],[-131.2,55.2],[-130.95,55.6]]],[[[-132,54.85],[-132,55.25],[-132.75,56],[-133.05,56.05],[-133.2,55.3],[-132,54.85]]],[[[-133.9,57.1],[-133.65,56.45],[-133.15,56.45],[-133,56.95],[-133.9,57.1]]],[[[-134.6,56.75],[-135,57.4],[-135.65,57.35],[-135.35,56.85],[-134.65,56.25],[-134.6,56.75]]],[[[-152.15,57.65],[-152.5,57.9],[-153.9,57.8],[-154.8,57.35],[-154.55,57],[-153.95,56.75],[-153.25,57.25],[-152.7,57.3],[-152.15,57.65]]],[[[-135.85,57.4],[-134.8,57.5],[-134.9,58.05],[-135.8,58.25],[-136.4,58.15],[-136.4,57.9],[-135.85,57.4]]],[[[-134.35,57.1],[-133.85,57.35],[-134.3,58],[-134.65,57.6],[-134.35,57.1]]],[[[-151.95,58.35],[-153.05,58.3],[-152.8,58],[-151.95,58.35]]],[[[-71.9,41.05],[-73.5,40.95],[-73.7,40.6],[-72.6,40.8],[-71.9,41.05]]],[[[-166.3,53.75],[-166.75,54],[-167.15,53.85],[-166.65,53.5],[-166.3,53.75]]],[[[-154.9,19.55],[-155.35,20.05],[-155.8,20],[-156.05,19.75],[-155.9,19.05],[-155,19.35],[-154.9,19.55]]],[[[-156,20.8],[-156.5,20.9],[-156.4,20.6],[-156,20.8]]],[[[-163.05,54.7],[-163.55,55.05],[-164.55,54.9],[-164.15,54.6],[-163.05,54.7]]],[[[-165.6,59.95],[-165.7,60.3],[-166.45,60.4],[-167.2,60.05],[-166.25,59.8],[-165.6,59.95]]],[[[-168.75,63.3],[-169.55,63.35],[-170.3,63.7],[-170.85,63.45],[-169.7,63],[-168.75,63.3]]]]},"properties":{"name":"United States of America","ISO3166-1-Alpha-3":"USA","ISO3166-1-Alpha-2":"US"}},
{"type":"Feature","geometry":{"type":"MultiPolygon","coordinates":[[[[-122.75,49],[-119.6,49],[-116.5,49],[-114.5,49],[-112.3,49],[-110.55,49],[-108.15,49],[-105.95,49],[-102.85,49],[-100.65,49],[-98.45,49],[-95.2,49],[-94.85,49.3],[-94.6,48.75],[-92.65,48.55],[-91.45,48.05],[-90.2,48.1],[-89.35,48],[-88.35,48.3],[-84.9,46.9],[-84.6,46.5],[-84.15,46.45],[-83.95,46.05],[-83.6,46.1],[-83.5,45.75],[-82.55,45.3],[-82.15,43.55],[-82.5,42.65],[-83.15,42.25],[-83.05,41.85],[-82.4,41.7],[-81.3,42.2],[-80.25,42.35],[-79,42.8],[-79.15,43.45],[-78.7,43.65],[-76.85,43.65],[-76.45,44.1],[-75.25,44.85],[-74.7,45],[-73.95,45.35],[-73,46.2],[-72.6,46.3],[-71.9,46.7],[-71.35,46.75],[-70.95,47],[-70.7,47.1],[-70.5,47.45],[-69.95,47.75],[-69.05,48.75],[-68.1,49.25],[-67.4,49.35],[-67.15,49.85],[-66.55,50.2],[-65.25,50.3],[-64.9,50.25],[-62.85,50.3],[-61.85,50.2],[-61.7,50.1],[-60.85,50.25],[-60.05,50.25],[-59.4,50.65],[-59,50.8],[-58.95,51.05],[-57.25,51.5],[-56.95,51.45],[-55.7,52.1],[-56.05,52.75],[-55.75,53.15],[-56.05,53.6],[-57.15,53.75],[-57.35,54.15],[-58,54.25],[-58.85,53.95],[-59.1,53.7],[-60.05,53.5],[-60.1,53.75],[-58.95,53.95],[-58.2,54.35],[-57.4,54.5],[-57.85,54.75],[-58.7,54.8],[-59,55.15],[-60.3,55.25],[-60.35,55.6],[-60.8,55.85],[-61.35,55.95],[-61.85,56.4],[-61.9,57.6],[-62.65,58.2],[-62.6,58.5],[-63.45,59.1],[-63.75,59.5],[-64.15,59.7],[-64.4,60.25],[-64.85,60.35],[-65.15,59.9],[-65.55,59.75],[-65.4,59.4],[-66.1,58.8],[-67.05,58.4],[-67.65,58.25],[-68.8,58.9],[-69.45,58.9],[-69.75,59.95],[-69.7,60.7],[-70.1,61.05],[-71.4,61.15],[-71.85,61.4],[-71.65,61.65],[-73.65,62.5],[-74.4,62.25],[-75.85,62.3],[-77.5,62.6],[-78.15,62.3],[-78.1,61.9],[-77.7,61.6],[-77.8,61.1],[-78.15,60.85],[-77.3,60.05],[-77.45,59.7],[-77.9,59.5],[-78.45,58.7],[-78.05,58.4],[-77.1,57.95],[-76.6,57.25],[-76.5,56.8],[-76.65,56.05],[-77.1,55.7],[-78.4,55.05],[-79.7,54.7],[-79.15,54.1],[-78.8,52.85],[-78.5,52.5],[-78.85,51.85],[-79.7,51.4],[-79.75,51.1],[-80.45,51.35],[-80.6,51.7],[-81.4,52.15],[-81.55,52.45],[-82.3,52.95],[-82.1,53.3],[-82.15,53.8],[-82.45,54.25],[-82.2,54.85],[-82.45,55.15],[-83.95,55.35],[-85.15,55.3],[-85.7,55.6],[-87.6,56.1],[-88,56.45],[-88.9,56.85],[-89.85,57],[-91.05,57.25],[-92.2,57],[-93.15,58.55],[-93.2,58.75],[-94.4,58.7],[-94.8,59],[-94.7,60.25],[-93.5,61.85],[-92.6,62.25],[-92.25,62.55],[-90.65,63.05],[-90.95,63.6],[-90.15,63.65],[-89.8,63.95],[-88.75,63.95],[-88.05,64.2],[-86.95,65.15],[-87.05,65.25],[-89.05,65.35],[-89.85,65.85],[-88.6,65.65],[-88.2,65.4],[-87.4,65.35],[-86.45,65.75],[-85.85,66.15],[-86.6,66.5],[-85.4,66.55],[-85.25,66.3],[-83.7,66.2],[-82.65,66.55],[-81.95,67],[-81.55,67],[-81.25,67.45],[-82.1,67.9],[-82.35,68.35],[-81.25,68.65],[-82.25,69.25],[-82.6,69.65],[-83.75,69.7],[-84.35,69.85],[-85.35,69.8],[-85.55,69.45],[-85.2,69.15],[-85.65,68.75],[-85.9,68.05],[-86.55,67.7],[-86.5,67.4],[-87.35,67.15],[-88.15,67.7],[-88.35,68],[-87.8,68.35],[-88,68.8],[-89.35,69.25],[-89.65,69.05],[-90,68.4],[-90.6,68.45],[-90.45,68.9],[-91.05,69.2],[-91.1,69.5],[-92.45,69.7],[-91.55,70.15],[-92.9,70.9],[-93,71.35],[-94.55,72],[-95.25,71.95],[-95.65,71.3],[-96.2,71.4],[-96.6,70.85],[-96.2,70.6],[-96.5,70.1],[-95.65,69.8],[-94.3,69.45],[-94.15,69.15],[-94.65,68.75],[-93.75,68.6],[-94.85,68.05],[-95.6,67.9],[-95.25,67.25],[-96.45,67.55],[-96.4,68.15],[-97.25,68.45],[-98.2,68.3],[-97.05,67.7],[-97.6,67.6],[-98.35,67.8],[-98.9,67.7],[-100.7,67.85],[-101.55,67.7],[-102.75,67.8],[-103.35,68],[-104.5,68.05],[-104.6,68.25],[-105.55,68.45],[-105.45,68.7],[-106.2,68.95],[-107.3,68.7],[-108.3,68.6],[-108.8,68.25],[-108.35,68.15],[-106.55,68.4],[-108.6,67.65],[-110.4,67.95],[-112.4,67.7],[-113.85,67.7],[-115.55,67.95],[-114.2,68.55],[-115,68.85],[-116.2,68.85],[-118.05,69],[-118.65,69.25],[-120.3,69.4],[-121.45,69.75],[-122.95,69.85],[-123.55,69.4],[-124.05,69.65],[-125.05,69.75],[-125.95,69.4],[-126.7,69.75],[-127.15,70.25],[-127.95,70.55],[-128.3,70],[-129.15,69.85],[-130.3,70.15],[-130.95,70.1],[-132.15,69.7],[-132.9,69.65],[-133.65,69.4],[-134.4,69.65],[-135.85,69.3],[-136.05,68.9],[-137.2,68.95],[-138.65,69.3],[-139.15,69.5],[-141,69.65],[-141,67.75],[-141,66.6],[-141,64.55],[-141,63.4],[-141,61.65],[-141,60.3],[-139.2,60.05],[-137.6,59.25],[-137.4,58.9],[-136.45,59.3],[-136.25,59.6],[-135.5,59.8],[-135.1,59.4],[-134.2,58.85],[-133.45,58.45],[-132.55,57.5],[-132.05,57.05],[-132.1,56.85],[-131.1,56.4],[-130.05,56.1],[-130,55.9],[-129.95,55.25],[-130.45,54.35],[-130.1,53.95],[-129.35,53.4],[-128.55,53.15],[-128.25,52.55],[-127.8,52.25],[-127.85,51.65],[-127.8,51.15],[-127,50.8],[-126.2,50.85],[-126.25,50.5],[-125.4,50.5],[-124.6,50.25],[-124.75,49.95],[-124.15,49.8],[-123.1,49],[-123.05,49],[-122.75,49]]],[[[-67.2,45.2],[-66.75,45.05],[-65.9,45.2],[-65.3,45.45],[-64.4,45.35],[-65.8,44.7],[-66.2,44.1],[-66.1,43.75],[-65.45,43.55],[-65.05,43.7],[-64.55,44.1],[-64.35,44.45],[-63.95,44.6],[-63.7,44.45],[-62.55,44.85],[-61.05,45.2],[-61.45,45.7],[-62.45,45.6],[-63.8,45.9],[-63.8,46.15],[-64.5,46.25],[-64.9,46.9],[-64.95,47.3],[-64.85,47.8],[-65.65,47.65],[-65.95,48.2],[-65.3,48],[-64.35,48.4],[-64.2,48.9],[-64.6,49.1],[-65.55,49.25],[-66.6,49.1],[-68.2,48.65],[-69.05,48.25],[-70.55,47],[-71.15,46.85],[-71.3,46.75],[-71.7,46.65],[-71.85,46.65],[-72.75,46.2],[-73.15,46.05],[-73.55,45.4],[-74.7,45],[-71.5,45],[-71.4,45.25],[-70.85,45.4],[-70.4,45.75],[-70,46.7],[-69.25,47.45],[-68.9,47.2],[-68.2,47.35],[-67.8,47.05],[-67.75,45.85],[-67.45,45.6],[-67.5,45.3],[-67.2,45.2]]],[[[-52.65,47.55],[-53.1,47.45],[-53.85,47.7],[-53.65,48.15],[-53.05,48.45],[-53.4,48.6],[-53.75,48.55],[-53.9,48.9],[-53.45,49.25],[-54.05,49.5],[-55.2,49.25],[-55.95,49.6],[-55.7,49.95],[-56.15,50.15],[-56.75,50.05],[-55.85,50.9],[-55.5,51.4],[-56.1,51.55],[-56.7,51.3],[-57,50.9],[-57.45,50.5],[-58.2,49.45],[-58.7,48.55],[-58.55,48.45],[-59.4,47.9],[-59.1,47.55],[-58.1,47.7],[-56.8,47.55],[-55.95,47.75],[-55.25,46.9],[-54.85,47.4],[-54,47.8],[-53.9,47.35],[-53.55,47.15],[-53.6,46.65],[-52.95,46.8],[-52.65,47.55]]],[[[-131.1,52.15],[-131.65,52.55],[-131.9,53.25],[-132.5,53.05],[-131.4,52.2],[-131.1,52.15]]],[[[-130.25,53.9],[-129.55,53.2],[-129.35,53.35],[-130.25,53.9]]],[[[-132.6,53.2],[-132,53.25],[-131.7,54],[-133.05,54.15],[-133.15,53.9],[-132.5,53.4],[-132.6,53.2]]],[[[-95.2,68.85],[-95.85,68.9],[-96.2,69.3],[-97.95,69.9],[-98.4,69.35],[-99.3,69.15],[-99.4,68.9],[-96.3,68.5],[-95.2,68.85]]],[[[-100.85,69.8],[-102.4,70.45],[-103.55,70.6],[-104.6,71.05],[-104.4,71.6],[-105.05,72.1],[-105.35,72.75],[-106.8,73.3],[-108.3,73.15],[-107.7,72.3],[-110.1,73],[-110.75,72.55],[-112.1,72.9],[-113.95,73.1],[-114.6,73.4],[-117.35,72.9],[-118.6,72.45],[-118.15,72.25],[-119.05,71.95],[-119.05,71.65],[-117.55,71.35],[-118.4,71],[-117.6,70.6],[-115.6,70.6],[-114,70.7],[-112.15,70.5],[-112.6,70.2],[-114.2,70.3],[-116.95,70.15],[-117.45,70],[-116.65,69.45],[-115.95,69.3],[-113.6,69.2],[-113.65,68.8],[-112.6,68.5],[-111.25,68.5],[-108.95,68.75],[-108.55,68.95],[-107.35,69.05],[-106.6,69.5],[-105.9,69.2],[-103.4,68.8],[-101.95,68.95],[-102.05,69.5],[-100.85,69.8]]],[[[-72.95,66.75],[-74.35,66.25],[-73.7,65.75],[-74.5,65.35],[-75.75,65.2],[-76.7,65.4],[-77.95,65.05],[-78.2,64.6],[-77.75,64.35],[-76.75,64.3],[-75.85,64.4],[-75.7,64.6],[-74.7,64.4],[-74.55,64.65],[-73.45,64.6],[-72.3,63.7],[-71.55,63.7],[-71.75,63.3],[-71.35,63.05],[-69.45,62.55],[-68.55,62.25],[-67.4,62.15],[-66.25,61.85],[-65.95,62.2],[-67.2,62.9],[-68.15,63.15],[-68.75,63.55],[-68.5,63.75],[-66.5,63.1],[-65.65,62.9],[-65.15,62.55],[-64.5,63.3],[-64.7,63.75],[-65.75,64.5],[-65.8,64.9],[-66.65,64.95],[-67.05,65.45],[-67.95,65.6],[-67.15,65.95],[-67.3,66.3],[-66.95,66.55],[-65.5,65.75],[-64.9,65.3],[-63.4,65.05],[-63.5,65.35],[-63.15,65.65],[-62.6,65.65],[-61.95,66],[-61.25,66.6],[-62,67.05],[-62.9,66.95],[-63.9,67.25],[-64.7,68],[-66.2,68],[-67.05,68.45],[-67.95,68.55],[-68.15,68.85],[-67.25,69.45],[-68,69.45],[-68,69.8],[-67.1,69.75],[-68.35,70.6],[-70.5,70.95],[-71.95,70.8],[-71.1,71.25],[-72.45,71.65],[-73.25,71.35],[-75.05,72.15],[-75.2,72.5],[-77.6,72.75],[-79.3,72.4],[-80.55,72.65],[-80.65,73.15],[-81.15,73.25],[-81.55,73.7],[-82.85,73.75],[-84.85,73.4],[-85.45,73.1],[-85.7,72.65],[-86.7,72.8],[-86.05,73.3],[-84.95,73.65],[-86.7,73.85],[-87.75,73.7],[-89.05,73.25],[-89.75,72.6],[-90.1,71.9],[-89.8,71.35],[-88.05,71.2],[-89.45,70.9],[-88.7,70.45],[-87.85,70.25],[-87.05,70.45],[-85.8,70],[-84.95,70.05],[-83.65,69.95],[-83.05,70],[-82.15,69.8],[-81.05,70.1],[-78.9,69.9],[-78.75,70.2],[-77.7,70.2],[-77.05,69.6],[-75.7,69.3],[-75.5,68.95],[-74.9,68.85],[-73.75,68.3],[-73,68.15],[-72.45,67.55],[-72.35,67.1],[-72.95,66.75]]],[[[-115.3,73.5],[-116.85,74.1],[-118.05,74.3],[-120.15,74.3],[-121.6,74.55],[-124.75,74.35],[-123.75,73.75],[-124.85,73.1],[-124.5,72.95],[-125.75,72.15],[-124.05,71.7],[-123.1,71.1],[-120.65,71.5],[-120.2,72.2],[-119.35,72.35],[-119.15,72.65],[-115.75,73.35],[-115.3,73.5]]],[[[-123.3,48.5],[-123.8,49.1],[-124.8,49.45],[-125.45,50.3],[-127.2,50.6],[-128.1,50.85],[-128.3,50.6],[-127.15,49.85],[-126.65,49.9],[-126.55,49.4],[-126.1,49.4],[-125.75,49.05],[-124.65,48.55],[-123.55,48.35],[-123.3,48.5]]],[[[-79.3,62.25],[-79.85,62.4],[-80.2,62.15],[-80.2,61.75],[-79.75,61.6],[-79.3,62.25]]],[[[-82.2,63],[-83.5,62.85],[-83.9,62.5],[-83.65,62.15],[-83.15,62.2],[-81.95,62.7],[-82.2,63]]],[[[-80.2,63.75],[-80.9,64.1],[-81.65,64.1],[-81.75,64.5],[-82.35,64.75],[-84.1,65.2],[-85.2,65.8],[-86.05,65.65],[-86.15,64.95],[-86.4,64.45],[-86.2,64.1],[-86.9,63.95],[-87.2,63.65],[-85.6,63.65],[-85.65,63.25],[-85.25,63.1],[-84.6,63.3],[-84.4,63.55],[-83.65,63.75],[-83.7,64],[-82.55,63.95],[-82.05,63.7],[-81,63.45],[-80.2,63.75]]],[[[-75.05,68.15],[-75.9,68.35],[-76.7,68.25],[-77.3,67.7],[-77,67.25],[-75.9,67.25],[-75.05,67.55],[-75.05,68.15]]],[[[-104.7,73.65],[-106.6,73.7],[-107.05,73.5],[-105.2,72.95],[-104.55,73.35],[-104.7,73.65]]],[[[-80.9,73.6],[-80.15,73.25],[-79.95,72.85],[-79.2,72.75],[-78.15,72.9],[-76.3,72.8],[-76.25,73.1],[-77.2,73.5],[-78.15,73.65],[-80.9,73.6]]],[[[-96.3,72.45],[-97.65,73.05],[-97.55,73.9],[-99.2,73.75],[-100,73.95],[-100.9,73.85],[-101.55,73.45],[-100.1,73.05],[-100.45,72.75],[-102.6,72.65],[-101.85,72.35],[-100.65,72.2],[-99.85,71.85],[-99.25,71.35],[-98.55,71.3],[-97.95,71.65],[-96.55,71.85],[-96.7,72.3],[-96.3,72.45]]],[[[-90.3,73.9],[-92.1,74],[-93.25,74.2],[-95.25,74],[-95.6,73.6],[-95.6,72.7],[-95.15,72.45],[-95.15,71.95],[-94.1,72.05],[-93.45,72.45],[-93.4,72.8],[-91.85,72.85],[-90.3,73.9]]],[[[-93.45,74.95],[-93.5,75.25],[-94.4,75.6],[-95.8,75.5],[-96.6,75.05],[-94.7,74.65],[-93.6,74.65],[-93.45,74.95]]],[[[-97.4,75.5],[-97.65,76.5],[-98.5,76.65],[-100.25,76.65],[-102.05,76.4],[-101.6,75.9],[-102.8,75.55],[-100.2,75.65],[-100.7,75.35],[-100.35,75],[-98.05,75.05],[-97.4,75.5]]],[[[-105.4,75.65],[-105.75,76],[-107.85,76.05],[-109.2,76.8],[-110.4,76.4],[-109.55,76.2],[-108.9,75.5],[-111.35,75.7],[-112.45,76.15],[-113.95,76.2],[-114.2,76.45],[-115.5,76.45],[-117.65,75.3],[-115.7,74.95],[-112.8,75],[-114.45,74.7],[-113.7,74.45],[-112.45,74.4],[-109.6,74.85],[-107,74.9],[-106,75.05],[-105.4,75.65]]],[[[-79.55,75],[-79.5,75.4],[-81.1,75.8],[-83.9,75.8],[-86.2,75.4],[-87.1,75.6],[-88.25,75.5],[-90.2,76.05],[-90.45,76.4],[-91.45,76.7],[-92.7,76.6],[-93.7,76.9],[-95.75,77.1],[-96.85,76.95],[-95.8,76.4],[-94.85,76.25],[-93.15,76.35],[-92,75.6],[-92.5,75.2],[-91.6,74.7],[-89.95,74.55],[-89.15,74.6],[-87.65,74.45],[-84.25,74.5],[-83.5,74.6],[-81.8,74.45],[-80.55,74.55],[-79.55,75]]],[[[-119.3,76.2],[-115.9,76.7],[-116.4,77.55],[-117.25,77.3],[-118.8,77.35],[-121.2,76.7],[-121.55,76.45],[-122.85,76.2],[-121.45,75.95],[-119.85,75.85],[-119.3,76.2]]],[[[-93.25,77.65],[-95.5,77.8],[-96,77.5],[-93.5,77.5],[-93.25,77.65]]],[[[-109.6,78.05],[-110.7,78.1],[-113.25,77.9],[-113.2,77.55],[-112.1,77.35],[-110.25,77.5],[-109.6,78.05]]],[[[-109.25,78.45],[-110.45,78.75],[-113.2,78.4],[-111.8,78.25],[-109.8,78.3],[-109.25,78.45]]],[[[-96.9,77.8],[-95.05,77.95],[-94.85,78.35],[-97.45,78.8],[-98.35,78.45],[-96.9,77.8]]],[[[-105.6,79.1],[-103.4,78.75],[-103.5,78.5],[-101.05,78.2],[-100.6,77.85],[-99,77.9],[-99.8,78.3],[-99.55,78.6],[-101.65,79.1],[-103.7,79.35],[-105.6,79.1]]],[[[-96.6,80.05],[-95.65,79.4],[-92.6,79.4],[-94.25,78.95],[-92.95,78.45],[-90.9,78.15],[-88.75,78.2],[-87.85,78.7],[-84.9,79.3],[-86.95,79.9],[-87.7,80.4],[-90.65,80.55],[-92.25,81.25],[-95.25,81],[-96.6,80.05]]],[[[-61.1,82.35],[-63.05,82.55],[-63.45,82.85],[-65.85,82.85],[-69.5,83.05],[-79.35,83],[-81.6,82.8],[-82.7,82.4],[-85.75,82.45],[-86.95,82.05],[-88.7,82.05],[-91.7,81.75],[-89.85,81],[-88.1,80.7],[-84.4,80.5],[-81.2,80.65],[-80.35,80.45],[-83.8,80.25],[-86.45,80.3],[-86.45,79.75],[-85.3,79.7],[-84.35,79.2],[-87.5,78.45],[-88.2,77.8],[-87.45,77.1],[-89.55,76.85],[-89.15,76.4],[-85.25,76.3],[-84.25,76.45],[-80.75,76.4],[-80.65,76.15],[-78.15,76.55],[-77.7,76.8],[-78.85,76.9],[-79.45,77.25],[-78.3,77.4],[-78,77.8],[-75.6,78.1],[-74.45,79.25],[-75.05,79.35],[-71.15,79.8],[-68.3,80.75],[-64.7,81.4],[-64.35,81.7],[-61.1,82.35]]],[[[-60.1,45.8],[-59.9,46.2],[-60.35,46.3],[-60.3,46.85],[-60.6,47.05],[-61.55,46.05],[-61.35,45.55],[-60.75,45.55],[-60.1,45.8]]],[[[-64.3,49.8],[-63.6,49.4],[-62.25,49.05],[-61.9,49.35],[-63.35,49.85],[-64.15,49.95],[-64.3,49.8]]],[[[-80.75,52.9],[-81.1,53.2],[-81.9,53.2],[-82.05,53],[-81.05,52.75],[-80.75,52.9]]]]},"properties":{"name":"Canada","ISO3166-1-Alpha-3":"CAN","ISO3166-1-Alpha-2":"CA"}},
{"type":"Feature","geometry":{"type":"Polygon","coordinates":[[[-97.15,25.95],[-97.45,25.85],[-97.7,26.05],[-98.2,26.1],[-98.8,26.35],[-99.1,26.4],[-99.45,27.05],[-99.5,27.55],[-99.7,27.65],[-100.3,28.3],[-100.65,29.1],[-101.4,29.75],[-102.3,29.9],[-102.7,29.75],[-103.15,29],[-104.05,29.35],[-104.55,29.65],[-104.7,30.2],[-105,30.7],[-105.35,30.85],[-106.5,31.75],[-108.2,31.8],[-108.2,31.35],[-111.05,31.35],[-112.3,31.75],[-114.8,32.5],[-114.7,32.7],[-117.15,32.55],[-116.7,31.55],[-116.05,30.8],[-116.05,30.5],[-115.85,30.35],[-115.7,29.75],[-114.95,29.4],[-114.05,28.45],[-114.15,27.85],[-114.9,27.85],[-114.5,27.25],[-113.05,26.6],[-112.35,26.2],[-112.1,25.7],[-112.1,24.75],[-111.7,24.6],[-110.3,23.55],[-110.1,23],[-109.9,22.85],[-109.55,23.1],[-109.5,23.55],[-110.15,24.25],[-110.55,24.2],[-110.75,24.55],[-110.65,24.8],[-111.05,25.45],[-111.3,25.8],[-111.3,26.05],[-111.55,26.7],[-112,27],[-112.35,27.55],[-112.75,27.85],[-112.9,28.5],[-113.5,28.95],[-113.75,29.4],[-114.4,29.8],[-114.65,30.2],[-114.7,30.95],[-114.9,31.15],[-114.85,31.55],[-114.6,31.75],[-114.15,31.5],[-113.9,31.6],[-113.55,31.3],[-113.05,31.15],[-113.15,30.8],[-112.85,30.45],[-112.7,29.9],[-112.25,29.35],[-112.15,28.95],[-111.25,28.05],[-110.6,27.85],[-110.55,27.4],[-110.3,27.15],[-109.9,27.05],[-109.85,26.8],[-109.25,26.5],[-109.45,25.8],[-108.45,25.25],[-108,24.65],[-107.6,24.45],[-107.05,24],[-106.45,23.25],[-105.8,22.65],[-105.65,21.95],[-105.2,21.45],[-105.35,20.75],[-105.35,20.5],[-105.7,20.4],[-105.55,20.05],[-105,19.35],[-104,18.85],[-103.5,18.35],[-102.2,17.9],[-101.8,17.9],[-101.65,17.65],[-101,17.25],[-100,16.9],[-99.75,16.75],[-98.85,16.55],[-98.55,16.3],[-98.1,16.2],[-97.75,16],[-97.25,15.95],[-96.55,15.65],[-96.25,15.7],[-95.45,16],[-94.85,16.45],[-94.15,16.2],[-92.8,15.15],[-92.25,14.55],[-92.15,14.7],[-92.2,15.3],[-91.7,16.05],[-90.5,16.05],[-90.4,16.35],[-90.75,16.75],[-91.05,16.9],[-91,17.8],[-89.15,17.8],[-88.9,17.9],[-88.5,18.5],[-88.3,18.5],[-87.75,18.4],[-87.4,19.55],[-87.45,20.2],[-86.9,20.85],[-86.75,21.15],[-87,21.55],[-87.25,21.45],[-87.95,21.6],[-88.45,21.6],[-89.1,21.35],[-89.8,21.3],[-90.35,21],[-90.5,20.55],[-90.5,19.9],[-90.7,19.7],[-90.75,19.4],[-91.45,18.9],[-91.55,18.45],[-91.95,18.7],[-92.7,18.6],[-92.95,18.45],[-93.45,18.45],[-94.2,18.2],[-94.6,18.2],[-94.8,18.5],[-95.2,18.7],[-95.85,18.7],[-96,19.05],[-96.3,19.3],[-96.45,19.85],[-97.15,20.65],[-97.65,21.65],[-97.9,22.65],[-97.75,23.25],[-97.65,24.5],[-97.45,25.2],[-97.15,25.7],[-97.15,25.95]]]},"properties":{"name":"Mexico","ISO3166-1-Alpha-3":"MEX","ISO3166-1-Alpha-2":"MX"}},
{"type":"Feature","geometry":{"type":"Polygon","coordinates":[[[-89.15,17.8],[-89.15,17.05],[-89.25,15.9],[-88.9,15.9],[-88.55,16.25],[-88.2,16.95],[-88.3,17.6],[-88.1,18.1],[-88.3,18.5],[-88.5,18.5],[-88.9,17.9],[-89.15,17.8]]]},"properties":{"name":"Belize","ISO3166-1-Alpha-3":"BLZ","ISO3166-1-Alpha-2":"BZ"}},
{"type":"Feature","geometry":{"type":"Polygon","coordinates":[[[-82.55,9.6],[-82.95,9.45],[-82.95,9.05],[-82.75,8.95],[-82.95,8.25],[-82.9,8.05],[-82.65,8.3],[-82.3,8.35],[-81.7,8.15],[-81.55,7.7],[-80.95,7.55],[-80.85,7.2],[-80.45,7.25],[-80,7.5],[-80.45,8.05],[-80.45,8.2],[-79.75,8.6],[-79.5,9],[-79.2,9],[-78.75,8.85],[-78.3,8.45],[-78.45,8.1],[-78.15,7.5],[-77.9,7.25],[-77.8,7.5],[-77.35,7.7],[-77.2,8],[-77.5,8.55],[-77.35,8.65],[-78,9.25],[-78.45,9.4],[-79.05,9.45],[-79.55,9.65],[-79.9,9.3],[-80.65,9.05],[-80.8,8.9],[-81.55,8.8],[-81.75,9.05],[-82.25,9],[-82.35,9.4],[-82.55,9.6]]]},"properties":{"name":"Panama","ISO3166-1-Alpha-3":"PAN","ISO3166-1-Alpha-2":"PA"}},
{"type":"Feature","geometry":{"type":"Polygon","coordinates":[[[-60,8.55],[-60.35,8.65],[-61,8.55],[-61,9.15],[-60.8,9.35],[-61.45,9.8],[-61.9,9.8],[-62.85,10.4],[-62.7,10.75],[-63.55,10.65],[-63.8,10.45],[-64.15,10.5],[-64.75,10.1],[-65.15,10.1],[-65.85,10.3],[-66.1,10.6],[-66.55,10.65],[-67.95,10.45],[-68.25,10.6],[-68.4,11.2],[-68.85,11.45],[-69.25,11.55],[-69.6,11.45],[-69.85,12],[-70,12.2],[-70.3,11.85],[-70.2,11.4],[-71.45,10.95],[-71.55,10.55],[-71.05,9.75],[-71.05,9.35],[-71.5,9.05],[-71.95,9.5],[-72.1,9.85],[-71.65,10.45],[-71.6,10.7],[-71.95,11.4],[-71.95,11.6],[-71.35,11.85],[-71.95,11.65],[-72.25,11.15],[-72.5,11.15],[-72.9,10.45],[-73,9.85],[-73.4,9.15],[-73,9.3],[-72.8,9.05],[-72.7,8.65],[-72.4,8.35],[-72.5,7.95],[-72.45,7.45],[-72.2,7.4],[-72.1,7.05],[-71.2,6.95],[-70.7,7.1],[-70.1,6.95],[-69.45,6.1],[-69.05,6.2],[-68.65,6.15],[-67.55,6.25],[-67.45,6.05],[-67.65,5.5],[-67.85,5.3],[-67.85,4.5],[-67.65,3.75],[-67.3,3.45],[-67.85,2.9],[-67.35,2.45],[-67.05,1.9],[-66.9,1.2],[-66.35,0.75],[-66.15,0.75],[-65.75,0.95],[-65.45,0.7],[-65.15,1.15],[-64.75,1.25],[-64.1,1.65],[-64,1.95],[-63.4,2.15],[-63.4,2.4],[-64.05,2.45],[-64,2.7],[-64.2,3.1],[-64.2,3.6],[-64.65,4],[-64.35,4.15],[-64.05,3.9],[-63.45,3.95],[-63,3.6],[-62.75,3.65],[-62.75,4],[-62.4,4.15],[-62.2,4.1],[-61.55,4.25],[-61.3,4.5],[-61,4.5],[-60.6,4.9],[-60.75,5.2],[-61.4,5.9],[-61.1,6.2],[-61.2,6.6],[-60.4,6.95],[-60.75,7.55],[-60.5,7.8],[-60,8.05],[-59.8,8.3],[-60,8.55]]]},"properties":{"name":"Venezuela","ISO3166-1-Alpha-3":"VEN","ISO3166-1-Alpha-2":"VE"}},
{"type":"Feature","geometry":{"type":"MultiPolygon","coordinates":[[[[140.95,-2.6],[141,-4.6],[141,-6.35],[140.85,-6.7],[141,-6.9],[141,-9.1],[141.85,-9.2],[142.2,-9.15],[142.65,-9.35],[143.4,-8.95],[143.4,-8.8],[143,-8.35],[143.6,-8.25],[144.45,-7.6],[144.9,-7.8],[146.1,-8.1],[146.6,-8.8],[146.9,-9.1],[147.05,-9.45],[147.3,-9.55],[147.75,-10.05],[148.25,-10.1],[149.45,-10.35],[149.75,-10.35],[150.05,-10.65],[150.4,-10.7],[150.7,-10.55],[150.2,-10.1],[149.95,-10.05],[149.2,-9.35],[149.25,-9],[148.75,-9.1],[148.55,-9.05],[148.45,-8.65],[148.25,-8.55],[148.1,-8.05],[147.7,-7.8],[147.15,-7.4],[146.95,-6.95],[147,-6.75],[147.85,-6.7],[147.85,-6.35],[147.45,-5.95],[147.05,-5.95],[146.45,-5.6],[145.75,-5.4],[145.8,-4.85],[145.35,-4.4],[145.05,-4.35],[144.5,-3.8],[144,-3.8],[143.5,-3.4],[143.05,-3.35],[142.2,-3.1],[141.3,-2.65],[140.95,-2.6]]],[[[155.95,-6.65],[155.7,-6.3],[155.45,-6.15],[155.05,-5.55],[154.75,-5.55],[154.75,-5.95],[155.25,-6.35],[155.35,-6.75],[155.7,-6.85],[155.95,-6.65]]],[[[152.4,-4.35],[151.95,-4.35],[151.55,-4.2],[151.7,-4.8],[151.1,-5.15],[151,-5.4],[150.7,-5.55],[149.4,-5.6],[149,-5.45],[148.45,-5.45],[148.4,-5.8],[148.75,-5.85],[149.15,-6.15],[149.45,-6.1],[149.65,-6.3],[150.45,-6.25],[151.2,-5.95],[151.45,-5.7],[152.1,-5.45],[152,-4.95],[152.3,-4.95],[152.4,-4.35]]],[[[153.15,-4.25],[152.95,-4],[152.7,-4.15],[152.65,-4.45],[152.85,-4.8],[153.1,-4.6],[153.15,-4.25]]],[[[147.45,-2],[146.65,-1.95],[146.65,-2.15],[147.2,-2.2],[147.45,-2]]]]},"properties":{"name":"Papua New Guinea","ISO3166-1-Alpha-3":"PNG","ISO3166-1-Alpha-2":"PG"}},
{"type":"Feature","geometry":{"type":"Polygon","coordinates":[[[34.9,29.5],[34.25,31.2],[34.2,31.3],[33.65,31.1],[32.75,31.05],[32.05,31.1],[31.8,31.35],[31.2,31.6],[30.75,31.4],[30.35,31.5],[29.5,30.95],[29.05,30.85],[28.4,31.1],[27.9,31.1],[27.3,31.4],[25.8,31.6],[25.4,31.5],[25.15,31.65],[24.85,31.4],[25,30.8],[24.7,30.15],[25,29.2],[25,27.65],[25,25.2],[25,23.75],[25,22],[26.35,22],[28.3,22],[31.25,22],[33.2,22],[34.1,22],[36.9,22],[36.2,22.65],[35.9,22.75],[35.6,23.15],[35.5,23.5],[35.5,24],[35.25,24.4],[34.55,25.75],[34,26.6],[33.85,27.25],[33.55,27.55],[33.5,27.95],[32.85,28.6],[32.65,28.95],[32.6,29.35],[32.35,29.6],[32.55,29.95],[32.9,29.25],[33.15,29.05],[33.25,28.55],[34.1,27.8],[34.45,28],[34.4,28.3],[34.65,28.75],[34.75,29.3],[34.9,29.5]]]},"properties":{"name":"Egypt","ISO3166-1-Alpha-3":"EGY","ISO3166-1-Alpha-2":"EG"}},
{"type":"Feature","geometry":{"type":"MultiPolygon","coordinates":[[[[52,19],[49.15,18.6],[48.15,18.15],[47.6,17.45],[47.45,17.1],[46.95,16.95],[46.7,17.3],[46.3,17.2],[45.45,17.3],[45.15,17.45],[43.75,17.35],[43.4,17.5],[43.15,17.35],[43.2,16.75],[42.8,16.35],[42.8,15.85],[42.7,15.7],[42.95,14.95],[43.1,14.1],[43.3,13.7],[43.25,13.2],[43.45,12.85],[44.2,12.6],[44.55,12.8],[44.85,12.75],[45.4,13.05],[45.65,13.35],[46.7,13.45],[47.4,13.65],[48,14.05],[48.2,13.95],[48.7,14.05],[49.1,14.5],[49.6,14.75],[50.2,14.85],[50.55,15.05],[51.35,15.25],[52.25,15.6],[52.15,16],[52.3,16.25],[52.6,16.5],[53.1,16.65],[52.75,17.3],[52,19]]],[[[54.45,12.55],[54.1,12.7],[53.75,12.6],[53.55,12.35],[54.15,12.35],[54.45,12.55]]]]},"properties":{"name":"Yemen","ISO3166-1-Alpha-3":"YEM","ISO3166-1-Alpha-2":"YE"}},
{"type":"Feature","geometry":{"type":"Polygon","coordinates":[[[-8.7,27.3],[-8.7,26],[-10.2,26],[-12,26],[-12,23.5],[-12.6,23.25],[-13,23],[-13.1,22.5],[-13,21.35],[-15,21.35],[-16.95,21.35],[-17.05,20.75],[-16.4,20.55],[-16.2,20.2],[-16.25,19.8],[-16.45,19.25],[-16.2,19],[-16,17.95],[-16.15,17.25],[-16.45,16.65],[-16.55,15.8],[-16.35,16.45],[-15.65,16.5],[-14.95,16.65],[-14.35,16.65],[-13.8,16.1],[-13.5,16.15],[-13.25,15.6],[-12.95,15.5],[-12.85,15.2],[-12.25,14.75],[-11.85,14.9],[-11.75,15.55],[-11.4,15.6],[-10.9,15.1],[-10.75,15.4],[-9.85,15.35],[-9.35,15.5],[-6.65,15.5],[-5.5,15.5],[-5.35,16.3],[-5.6,16.55],[-5.75,17.75],[-5.95,19.6],[-6.2,21.8],[-6.35,23.15],[-6.6,25],[-4.8,25],[-7.3,26.45],[-8.7,27.3]]]},"properties":{"name":"Mauritania","ISO3166-1-Alpha-3":"MRT","ISO3166-1-Alpha-2":"MR"}},
{"type":"Feature","geometry":{"type":"MultiPolygon","coordinates":[[[[9.8,2.35],[9.8,1.9],[9.4,1.3],[9.8,1],[11.35,1],[11.3,2.15],[10,2.15],[9.8,2.35]]],[[[8.9,3.75],[8.7,3.75],[8.45,3.25],[8.7,3.2],[8.9,3.75]]]]},"properties":{"name":"Equatorial Guinea","ISO3166-1-Alpha-3":"GNQ","ISO3166-1-Alpha-2":"GQ"}},
{"type":"Feature","geometry":{"type":"Polygon","coordinates":[[[-16.75,13.05],[-16.65,13.15],[-15.85,13.15],[-15.8,13.3],[-15,13.5],[-14.2,13.25],[-13.85,13.35],[-13.95,13.6],[-14.35,13.45],[-14.9,13.8],[-15.4,13.75],[-15.5,13.6],[-16.55,13.6],[-16.85,13.35],[-16.75,13.05]]]},"properties":{"name":"Gambia","ISO3166-1-Alpha-3":"GMB","ISO3166-1-Alpha-2":"GM"}},
{"type":"Feature","geometry":{"type":"Polygon","coordinates":[[[114.25,22.55],[114.1,22.55],[114.1,22.35],[114.3,22.25],[114.35,22.45],[114.25,22.55]]]},"properties":{"name":"Hong Kong S.A.R.","ISO3166-1-Alpha-3":"HKG","ISO3166-1-Alpha-2":"HK"}},
{"type":"Feature","geometry":null,"properties":{"name":"Vatican","ISO3166-1-Alpha-3":"VAT","ISO3166-1-Alpha-2":"VA"}},
{"type":"Feature","geometry":{"type":"Polygon","coordinates":[[[34,35.05],[34.05,35.45],[33.45,35.35],[32.9,35.4],[32.7,35.2],[33.4,35.2],[33.7,35.05],[33.9,35.05],[34,35.05]]]},"properties":{"name":"Northern Cyprus","ISO3166-1-Alpha-3":"-99","ISO3166-1-Alpha-2":"-99"}},
{"type":"Feature","geometry":{"type":"MultiPolygon","coordinates":[[[[33.7,35.05],[33.4,35.2],[32.7,35.2],[32.9,35.05],[33.4,35.15],[33.7,35],[33.7,35.05]]],[[[32.65,35.2],[32.6,35.2],[32.6,35.15],[32.65,35.2]]]]},"properties":{"name":"Cyprus No Mans Area","ISO3166-1-Alpha-3":"-99","ISO3166-1-Alpha-2":"-99"}},
{"type":"Feature","geometry":{"type":"Polygon","coordinates":[[[77.05,35.1],[77.8,35.5],[77.4,35.45],[76.8,35.65],[77.05,35.1]]]},"properties":{"name":"Siachen Glacier","ISO3166-1-Alpha-3":"-99","ISO3166-1-Alpha-2":"-99"}},
{"type":"Feature","geometry":{"type":"Polygon","coordinates":[[[63.4,45.55],[63.85,45.75],[63.95,46.05],[63.75,46.3],[63.2,46.35],[62.9,46.2],[62.9,45.75],[63.4,45.55]]]},"properties":{"name":"Baykonur Cosmodrome","ISO3166-1-Alpha-3":"-99","ISO3166-1-Alpha-2":"-99"}},
{"type":"Feature","geometry":{"type":"Polygon","coordinates":[[[33,34.65],[32.85,34.7],[32.75,34.65],[33,34.65]]]},"properties":{"name":"Akrotiri Sovereign Base Area","ISO3166-1-Alpha-3":"-99","ISO3166-1-Alpha-2":"-99"}},
{"type":"Feature","geometry":{"type":"Polygon","coordinates":[[[-73.45,-49.75],[-73.05,-49.55],[-73.1,-49.25],[-73.45,-49.3],[-73.45,-49.75]]]},"properties":{"name":"Southern Patagonian Ice Field","ISO3166-1-Alpha-3":"-99","ISO3166-1-Alpha-2":"-99"}},
{"type":"Feature","geometry":{"type":"Polygon","coordinates":[[[33.2,22],[33.55,21.7],[33.85,21.75],[34.1,22],[33.2,22]]]},"properties":{"name":"Bir Tawil","ISO3166-1-Alpha-3":"-99","ISO3166-1-Alpha-2":"-99"}},
{"type":"Feature","geometry":{"type":"MultiPolygon","coordinates":[[[[-51.75,-82.05],[-53.2,-82.15],[-55.95,-82.5],[-59.45,-83.45],[-61.6,-83.3],[-62.8,-82.5],[-66.05,-82.2],[-65.15,-81.5],[-70,-81],[-70.45,-80.65],[-74.85,-80.9],[-76.65,-79.95],[-75.9,-79.5],[-76.55,-79.3],[-81.1,-79.2],[-83.25,-78.75],[-82.5,-78.45],[-80.3,-78.85],[-77.75,-78.75],[-77.4,-78.4],[-81.6,-77.85],[-80.75,-77.8],[-77.7,-77.95],[-75.2,-78.15],[-73.65,-78],[-72.7,-77.6],[-75.1,-77.45],[-75.55,-77.55],[-77.5,-76.75],[-76.5,-76.5],[-72.4,-76.7],[-70.35,-76.7],[-70.2,-76.45],[-68.1,-76.15],[-66.2,-76],[-63.15,-75.4],[-63.55,-74.85],[-60.7,-74.3],[-61.05,-74.1],[-60.8,-73.6],[-60.1,-73.3],[-61.35,-72.45],[-60.65,-72.25],[-61.5,-71.85],[-60.95,-71.2],[-61.35,-70.55],[-62.4,-70.4],[-62,-70.1],[-62.55,-69.85],[-62.4,-69.5],[-62.95,-69.4],[-63.2,-68.85],[-64.35,-68.8],[-65.35,-68.55],[-65,-68.1],[-65.65,-67.9],[-65.6,-67.55],[-64.75,-67.3],[-64.75,-66.85],[-63.95,-66.7],[-63.75,-66.2],[-62.2,-66.15],[-62.35,-65.9],[-61.75,-65.1],[-61.05,-65],[-60.25,-64.5],[-59.4,-64.35],[-58.1,-63.65],[-58.9,-63.55],[-59.5,-63.9],[-60.9,-64.05],[-61.1,-64.4],[-62.5,-64.75],[-63.1,-65.15],[-63.85,-65.05],[-64.15,-65.6],[-64.7,-66.05],[-65.65,-66.2],[-65.8,-66.7],[-67.55,-67.15],[-67.45,-67.55],[-66.65,-67.55],[-67.25,-67.95],[-66.95,-68.2],[-67,-68.8],[-66.75,-69.05],[-68.35,-69.7],[-68.5,-70.05],[-67.95,-70.3],[-67.4,-71],[-67.6,-71.45],[-66.75,-72.1],[-67.5,-72.85],[-70.3,-73.3],[-73.05,-73.45],[-74.1,-73.7],[-75.25,-73.6],[-76.3,-73.8],[-76.7,-73.55],[-78.75,-73.35],[-79.65,-73.05],[-81.3,-73.25],[-81.25,-73.75],[-82.05,-73.9],[-85.55,-73.35],[-86.95,-73.4],[-87.5,-73.2],[-89.3,-73.1],[-91.1,-73.3],[-91.95,-73.2],[-95.2,-73.2],[-96.45,-73.3],[-97.7,-73.05],[-100.75,-73],[-101.95,-73.05],[-102.1,-72.75],[-103.45,-72.85],[-102.85,-73.3],[-99.75,-73.35],[-99.85,-73.75],[-102.9,-73.6],[-102.9,-73.85],[-101.6,-74],[-100.95,-74.55],[-99.3,-74.95],[-100.15,-75.4],[-101.55,-75.15],[-103.3,-75.1],[-106.45,-75.3],[-107.85,-75.3],[-109.7,-75.15],[-111.55,-75.1],[-110.3,-74.8],[-110.45,-74.25],[-111.9,-74.25],[-111.55,-74.8],[-113.95,-74.9],[-113.65,-74.6],[-114.2,-73.85],[-115.1,-74.1],[-114.85,-74.45],[-116.7,-74.55],[-118.1,-74.3],[-119.15,-74.6],[-120.85,-74.75],[-124.05,-74.8],[-124.35,-74.7],[-126.95,-74.7],[-130,-74.9],[-132.8,-74.75],[-133.85,-74.95],[-135.35,-74.55],[-136.9,-74.85],[-136.9,-75.05],[-139.55,-75.15],[-141.25,-75.6],[-142.45,-75.45],[-144.3,-75.65],[-144.15,-75.8],[-146.2,-75.9],[-146.25,-76.4],[-148.2,-76.1],[-149.65,-76.45],[-147.1,-76.45],[-145.6,-76.9],[-145.4,-77.5],[-146.9,-77.25],[-148.65,-77.65],[-149.95,-77.8],[-151.5,-77.4],[-154.9,-77.1],[-156.3,-77.05],[-158.15,-77.45],[-158.65,-77.85],[-157.2,-78.25],[-154.15,-78.25],[-156.55,-78.65],[-154.95,-79.05],[-153.1,-79.15],[-150.45,-79.55],[-147.95,-79.8],[-148.85,-80.15],[-150.6,-80.25],[-147.65,-80.9],[-156.45,-81.15],[-157.05,-81.35],[-153.8,-81.7],[-154.8,-81.95],[-152.55,-82.55],[-155.05,-82.8],[-157.55,-83.4],[-162.15,-83.5],[-165.1,-83.2],[-170.7,-83.2],[-168.05,-83.75],[-165.4,-83.75],[-163.7,-84.05],[-165.4,-84.35],[-163.85,-84.55],[-155.65,-84.85],[-156.95,-85],[-168,-84.8],[-168.25,-84.65],[-180,-84.35],[-180,-84.5],[-180,-85],[-180,-85.5],[-180,-86],[-180,-86.5],[-180,-87],[-180,-87.5],[-180,-88],[-180,-88.5],[-180,-89],[-180,-89.5],[-180,-90],[-179.5,-90],[-179,-90],[-178.5,-90],[-178,-90],[-177.5,-90],[-177,-90],[-176.5,-90],[-176,-90],[-175.5,-90],[-175,-90],[-174.5,-90],[-174,-90],[-173.5,-90],[-173,-90],[-172.5,-90],[-172,-90],[-171.5,-90],[-171,-90],[-170.5,-90],[-170,-90],[-169.5,-90],[-169,-90],[-168.5,-90],[-168,-90],[-167.5,-90],[-167,-90],[-166.5,-90],[-166,-90],[-165.5,-90],[-165,-90],[-164.5,-90],[-164,-90],[-163.5,-90],[-163,-90],[-162.5,-90],[-162,-90],[-161.55,-90],[-161.05,-90],[-160.55,-90],[-160.05,-90],[-159.55,-90],[-159.05,-90],[-158.55,-90],[-158.05,-90],[-157.55,-90],[-157.05,-90],[-156.55,-90],[-156.05,-90],[-155.55,-90],[-155.05,-90],[-154.55,-90],[-154.05,-90],[-153.55,-90],[-153.05,-90],[-152.55,-90],[-152.05,-90],[-151.55,-90],[-151.05,-90],[-150.55,-90],[-150.05,-90],[-149.55,-90],[-149.05,-90],[-148.55,-90],[-148.05,-90],[-147.55,-90],[-147.05,-90],[-146.55,-90],[-146.05,-90],[-145.55,-90],[-145.05,-90],[-144.55,-90],[-144.05,-90],[-143.55,-90],[-143.05,-90],[-142.55,-90],[-142.05,-90],[-141.55,-90],[-141.05,-90],[-140.55,-90],[-140.05,-90],[-139.55,-90],[-139.05,-90],[-138.55,-90],[-138.05,-90],[-137.55,-90],[-137.05,-90],[-136.55,-90],[-136.05,-90],[-135.55,-90],[-135.05,-90],[-134.55,-90],[-134.05,-90],[-133.55,-90],[-133.05,-90],[-132.55,-90],[-132.05,-90],[-131.55,-90],[-131.05,-90],[-130.55,-90],[-130.05,-90],[-129.55,-90],[-129.05,-90],[-128.55,-90],[-128.05,-90],[-127.55,-90],[-127.05,-90],[-126.55,-90],[-126.05,-90],[-125.6,-90],[-125.1,-90],[-124.6,-90],[-124.1,-90],[-123.6,-90],[-123.1,-90],[-122.6,-90],[-122.1,-90],[-121.6,-90],[-121.1,-90],[-120.6,-90],[-120.1,-90],[-119.6,-90],[-119.1,-90],[-118.6,-90],[-118.1,-90],[-117.6,-90],[-117.1,-90],[-116.6,-90],[-116.1,-90],[-115.6,-90],[-115.1,-90],[-114.6,-90],[-114.1,-90],[-113.6,-90],[-113.1,-90],[-112.6,-90],[-112.1,-90],[-111.6,-90],[-111.1,-90],[-110.6,-90],[-110.1,-90],[-109.6,-90],[-109.1,-90],[-108.6,-90],[-108.1,-90],[-107.6,-90],[-107.1,-90],[-106.6,-90],[-106.1,-90],[-105.6,-90],[-105.1,-90],[-104.6,-90],[-104.1,-90],[-103.6,-90],[-103.1,-90],[-102.6,-90],[-102.1,-90],[-101.6,-90],[-101.1,-90],[-100.6,-90],[-100.1,-90],[-99.6,-90],[-99.1,-90],[-98.6,-90],[-98.1,-90],[-97.6,-90],[-97.1,-90],[-96.6,-90],[-96.1,-90],[-95.6,-90],[-95.1,-90],[-94.6,-90],[-94.1,-90],[-93.6,-90],[-93.1,-90],[-92.6,-90],[-92.1,-90],[-91.6,-90],[-91.1,-90],[-90.6,-90],[-90.1,-90],[-89.65,-90],[-89.15,-90],[-88.65,-90],[-88.15,-90],[-87.65,-90],[-87.15,-90],[-86.65,-90],[-86.15,-90],[-85.65,-90],[-85.15,-90],[-84.65,-90],[-84.15,-90],[-83.65,-90],[-83.15,-90],[-82.65,-90],[-82.15,-90],[-81.65,-90],[-81.15,-90],[-80.65,-90],[-80.15,-90],[-79.65,-90],[-79.15,-90],[-78.65,-90],[-78.15,-90],[-77.65,-90],[-77.15,-90],[-76.65,-90],[-76.15,-90],[-75.65,-90],[-75.15,-90],[-74.65,-90],[-74.15,-90],[-73.65,-90],[-73.15,-90],[-72.65,-90],[-72.15,-90],[-71.65,-90],[-71.15,-90],[-70.65,-90],[-70.15,-90],[-69.65,-90],[-69.15,-90],[-68.65,-90],[-68.15,-90],[-67.65,-90],[-67.15,-90],[-66.65,-90],[-66.15,-90],[-65.65,-90],[-65.15,-90],[-64.65,-90],[-64.15,-90],[-63.65,-90],[-63.15,-90],[-62.65,-90],[-62.15,-90],[-61.65,-90],[-61.15,-90],[-60.65,-90],[-60.15,-90],[-59.65,-90],[-59.15,-90],[-58.65,-90],[-58.15,-90],[-57.65,-90],[-57.15,-90],[-56.65,-90],[-56.15,-90],[-55.65,-90],[-55.15,-90],[-54.65,-90],[-54.15,-90],[-53.7,-90],[-53.2,-90],[-52.7,-90],[-52.2,-90],[-52.1,-90],[-51.7,-90],[-51.2,-90],[-50.7,-90],[-50.2,-90],[-49.7,-90],[-49.2,-90],[-48.7,-90],[-48.2,-90],[-47.7,-90],[-47.2,-90],[-46.7,-90],[-46.2,-90],[-45.7,-90],[-45.2,-90],[-44.7,-90],[-44.2,-90],[-43.7,-90],[-43.2,-90],[-42.7,-90],[-42.2,-90],[-41.7,-90],[-41.2,-90],[-40.7,-90],[-40.2,-90],[-39.7,-90],[-39.2,-90],[-38.7,-90],[-38.2,-90],[-37.7,-90],[-37.2,-90],[-36.7,-90],[-36.2,-90],[-35.7,-90],[-35.2,-90],[-34.7,-90],[-34.2,-90],[-33.7,-90],[-33.2,-90],[-32.7,-90],[-32.2,-90],[-31.7,-90],[-31.2,-90],[-30.7,-90],[-30.2,-90],[-29.7,-90],[-29.2,-90],[-28.7,-90],[-28.2,-90],[-27.7,-90],[-27.2,-90],[-26.7,-90],[-26.2,-90],[-25.7,-90],[-25.2,-90],[-24.7,-90],[-24.2,-90],[-23.7,-90],[-23.2,-90],[-22.7,-90],[-22.2,-90],[-21.7,-90],[-21.2,-90],[-20.7,-90],[-20.2,-90],[-19.7,-90],[-19.2,-90],[-18.7,-90],[-18.2,-90],[-17.75,-90],[-17.25,-90],[-16.75,-90],[-16.25,-90],[-15.75,-90],[-15.25,-90],[-14.75,-90],[-14.25,-90],[-13.75,-90],[-13.25,-90],[-12.75,-90],[-12.25,-90],[-11.75,-90],[-11.25,-90],[-10.75,-90],[-10.25,-90],[-9.75,-90],[-9.25,-90],[-8.75,-90],[-8.25,-90],[-7.75,-90],[-7.25,-90],[-6.75,-90],[-6.25,-90],[-5.75,-90],[-5.25,-90],[-4.75,-90],[-4.25,-90],[-3.75,-90],[-3.25,-90],[-2.75,-90],[-2.25,-90],[-1.75,-90],[-1.25,-90],[-0.75,-90],[-0.25,-90],[0.25,-90],[0.75,-90],[1.25,-90],[1.75,-90],[2.25,-90],[2.75,-90],[3.25,-90],[3.75,-90],[4.25,-90],[4.75,-90],[5.25,-90],[5.75,-90],[6.25,-90],[6.75,-90],[7.25,-90],[7.75,-90],[8.25,-90],[8.75,-90],[9.25,-90],[9.75,-90],[10.25,-90],[10.75,-90],[11.25,-90],[11.75,-90],[12.25,-90],[12.75,-90],[13.25,-90],[13.75,-90],[14.25,-90],[14.75,-90],[15.25,-90],[15.75,-90],[16.25,-90],[16.75,-90],[17.25,-90],[17.75,-90],[18.2,-90],[18.7,-90],[19.2,-90],[19.7,-90],[20.2,-90],[20.7,-90],[21.2,-90],[21.7,-90],[22.2,-90],[22.7,-90],[23.2,-90],[23.7,-90],[24.2,-90],[24.7,-90],[25.2,-90],[25.7,-90],[26.2,-90],[26.7,-90],[27.2,-90],[27.7,-90],[28.2,-90],[28.7,-90],[29.2,-90],[29.7,-90],[30.2,-90],[30.7,-90],[31.2,-90],[31.7,-90],[32.2,-90],[32.7,-90],[33.2,-90],[33.7,-90],[34.2,-90],[34.7,-90],[35.2,-90],[35.7,-90],[36.2,-90],[36.7,-90],[37.2,-90],[37.7,-90],[38.2,-90],[38.7,-90],[39.2,-90],[39.7,-90],[40.2,-90],[40.7,-90],[41.2,-90],[41.7,-90],[42.2,-90],[42.7,-90],[43.2,-90],[43.7,-90],[44.2,-90],[44.7,-90],[45.2,-90],[45.7,-90],[46.2,-90],[46.7,-90],[47.2,-90],[47.7,-90],[48.2,-90],[48.7,-90],[49.2,-90],[49.7,-90],[50.2,-90],[50.7,-90],[51.2,-90],[51.7,-90],[52.2,-90],[52.7,-90],[53.2,-90],[53.7,-90],[54.15,-90],[54.65,-90],[55.15,-90],[55.65,-90],[56.15,-90],[56.65,-90],[57.15,-90],[57.65,-90],[58.15,-90],[58.65,-90],[59.15,-90],[59.65,-90],[60.15,-90],[60.65,-90],[61.15,-90],[61.65,-90],[62.15,-90],[62.65,-90],[63.15,-90],[63.65,-90],[64.15,-90],[64.65,-90],[65.15,-90],[65.65,-90],[66.15,-90],[66.65,-90],[67.15,-90],[67.65,-90],[68.15,-90],[68.65,-90],[69.15,-90],[69.65,-90],[70.15,-90],[70.65,-90],[71.15,-90],[71.65,-90],[72.15,-90],[72.65,-90],[73.15,-90],[73.65,-90],[74.15,-90],[74.65,-90],[75.15,-90],[75.65,-90],[76.15,-90],[76.65,-90],[77.15,-90],[77.65,-90],[78.15,-90],[78.65,-90],[79.15,-90],[79.65,-90],[80.15,-90],[80.65,-90],[81.15,-90],[81.65,-90],[82.15,-90],[82.65,-90],[83.15,-90],[83.65,-90],[84.15,-90],[84.65,-90],[85.15,-90],[85.65,-90],[86.15,-90],[86.65,-90],[87.15,-90],[87.65,-90],[88.15,-90],[88.65,-90],[89.15,-90],[89.65,-90],[90.1,-90],[90.6,-90],[91.1,-90],[91.6,-90],[92.1,-90],[92.6,-90],[93.1,-90],[93.6,-90],[94.1,-90],[94.6,-90],[95.1,-90],[95.6,-90],[96.1,-90],[96.6,-90],[97.1,-90],[97.6,-90],[98.1,-90],[98.6,-90],[99.1,-90],[99.6,-90],[100.1,-90],[100.6,-90],[101.1,-90],[101.6,-90],[102.1,-90],[102.6,-90],[103.1,-90],[103.6,-90],[104.1,-90],[104.6,-90],[105.1,-90],[105.6,-90],[106.1,-90],[106.6,-90],[107.1,-90],[107.6,-90],[108.1,-90],[108.6,-90],[109.1,-90],[109.6,-90],[110.1,-90],[110.6,-90],[111.1,-90],[111.6,-90],[112.1,-90],[112.6,-90],[113.1,-90],[113.6,-90],[114.1,-90],[114.6,-90],[115.1,-90],[115.6,-90],[116.1,-90],[116.6,-90],[117.1,-90],[117.6,-90],[118.1,-90],[118.6,-90],[119.1,-90],[119.6,-90],[120.1,-90],[120.6,-90],[121.1,-90],[121.6,-90],[122.1,-90],[122.6,-90],[123.1,-90],[123.6,-90],[124.1,-90],[124.6,-90],[125.1,-90],[125.6,-90],[126.05,-90],[126.55,-90],[127.05,-90],[127.55,-90],[128.05,-90],[128.55,-90],[129.05,-90],[129.55,-90],[130.05,-90],[130.55,-90],[131.05,-90],[131.55,-90],[132.05,-90],[132.55,-90],[133.05,-90],[133.55,-90],[134.05,-90],[134.55,-90],[135.05,-90],[135.55,-90],[136.05,-90],[136.55,-90],[137.05,-90],[137.55,-90],[138.05,-90],[138.55,-90],[139.05,-90],[139.55,-90],[140.05,-90],[140.55,-90],[141.05,-90],[141.55,-90],[142.05,-90],[142.55,-90],[143.05,-90],[143.55,-90],[144.05,-90],[144.55,-90],[145.05,-90],[145.55,-90],[146.05,-90],[146.55,-90],[147.05,-90],[147.55,-90],[148.05,-90],[148.55,-90],[149.05,-90],[149.55,-90],[150.05,-90],[150.55,-90],[151.05,-90],[151.55,-90],[152.05,-90],[152.55,-90],[153.05,-90],[153.55,-90],[154.05,-90],[154.55,-90],[155.05,-90],[155.55,-90],[156.05,-90],[156.55,-90],[157.05,-90],[157.55,-90],[158.05,-90],[158.55,-90],[159.05,-90],[159.55,-90],[160.05,-90],[160.55,-90],[161.05,-90],[161.55,-90],[162,-90],[162.5,-90],[163,-90],[163.5,-90],[164,-90],[164.5,-90],[165,-90],[165.5,-90],[166,-90],[166.5,-90],[167,-90],[167.5,-90],[168,-90],[168.5,-90],[169,-90],[169.5,-90],[170,-90],[170.5,-90],[171,-90],[171.5,-90],[172,-90],[172.5,-90],[173,-90],[173.5,-90],[174,-90],[174.5,-90],[175,-90],[175.5,-90],[176,-90],[176.5,-90],[177,-90],[177.5,-90],[178,-90],[178.5,-90],[179,-90],[179.5,-90],[180,-90],[180,-89.5],[180,-89],[180,-88.5],[180,-88],[180,-87.5],[180,-87],[180,-86.5],[180,-86],[180,-85.5],[180,-85],[180,-84.5],[180,-84.35],[173.95,-83.9],[171.2,-83.45],[167.75,-83.25],[167.3,-82.8],[161,-81.55],[161.2,-80.65],[160.75,-80.4],[158.8,-80.25],[160.85,-79.95],[160.4,-79.15],[162.05,-79.05],[162.15,-78.75],[166.1,-78.55],[165.7,-78.25],[164.2,-78.25],[163.9,-77.7],[163.05,-77],[162.75,-76.05],[162.9,-75.8],[162.2,-75.4],[162.8,-75],[162.6,-74.75],[165.3,-74.45],[164.6,-73.95],[167.05,-73.55],[167.15,-73.15],[169.2,-73.15],[170.25,-72.6],[170,-72.15],[170.8,-71.7],[167.9,-71],[167.4,-70.75],[166.45,-70.75],[164.25,-70.5],[163.4,-70.65],[162.6,-70.25],[162.1,-70.3],[162,-70.9],[161.4,-70.9],[161.2,-70.4],[159.75,-69.5],[158,-69.15],[156.35,-69.2],[155.9,-69],[155,-68.9],[154.7,-68.55],[153.85,-68.25],[153.85,-68.75],[153.25,-68.9],[152.4,-68.7],[150.95,-68.7],[151.1,-68.4],[149.4,-68.4],[148.45,-68.45],[146.7,-68.3],[146.05,-67.6],[143.9,-67.95],[144.65,-67.1],[143.45,-66.85],[142.5,-67.05],[142,-66.8],[140.1,-66.75],[137.75,-66.35],[136.15,-66.25],[134.75,-66.35],[133.8,-66.1],[131.75,-66.25],[130.75,-66.15],[130.1,-66.3],[129.55,-66.6],[129.2,-67.1],[128.5,-67.15],[127,-66.95],[126.7,-66.6],[125.9,-66.3],[125.15,-66.65],[124.25,-66.6],[122.25,-66.85],[121.5,-67.1],[119,-67.4],[118.35,-67.05],[115.35,-67.2],[114.05,-67.5],[114.05,-67.2],[115.15,-67.05],[115.8,-66.8],[115.6,-66.6],[114.65,-66.5],[114.4,-66.25],[113.2,-65.75],[110.95,-66.05],[110.5,-66.3],[110.45,-66.65],[108.85,-66.95],[108.15,-66.6],[103.9,-66],[102.7,-65.85],[101.35,-65.95],[100.8,-66.4],[99.9,-66.5],[98.9,-66.8],[98.55,-66.45],[97.25,-66.5],[95.65,-66.7],[94.9,-66.5],[94,-66.75],[91.95,-66.5],[91.15,-66.55],[90.35,-66.8],[87.95,-66.75],[86.7,-67.05],[85.6,-67.2],[84.95,-67.1],[83.7,-67.3],[83.2,-67.6],[82.05,-67.65],[79.15,-68.15],[78,-68.8],[77.85,-69.15],[75.8,-69.55],[75.9,-69.8],[74.25,-69.9],[73.45,-69.8],[72.65,-70.2],[72.85,-70.45],[71.8,-70.7],[71.2,-71.35],[71.1,-71.75],[69.95,-72.1],[69.5,-72.45],[68.5,-72.45],[67,-72.9],[67.45,-71.9],[67.85,-71.55],[68.65,-71.2],[69.25,-70.4],[68.1,-70.45],[67.45,-70.2],[68.25,-69.85],[69.15,-69.9],[69.7,-69.35],[69.3,-68.85],[70.1,-68.5],[69.7,-67.85],[68.4,-67.9],[64.7,-67.65],[63.65,-67.5],[62.6,-67.65],[60.6,-67.4],[59.25,-67.5],[58.85,-67.15],[57.3,-67.1],[56.6,-66.95],[56.4,-66.45],[55.6,-66.05],[53.75,-65.85],[51.75,-66.05],[50.55,-66.3],[50.2,-66.6],[50.6,-67.2],[49.35,-66.9],[48.6,-66.95],[48.45,-67.2],[48.7,-67.7],[47.25,-67.65],[46.9,-67.25],[46.3,-67.35],[46.2,-67.65],[44.7,-67.8],[42.85,-68.1],[40.9,-68.7],[39.85,-68.85],[39.7,-69.6],[38.8,-70],[37.55,-69.7],[36.75,-69.65],[35.25,-69.75],[35.2,-69.3],[34.6,-69.05],[33.75,-69.05],[34.2,-68.7],[33.2,-68.65],[32.5,-68.95],[32.95,-69.35],[32.85,-69.95],[31.3,-70.25],[29.85,-70.3],[28.45,-70.7],[27.65,-70.75],[26.45,-71.05],[24.95,-70.95],[23.75,-70.4],[23.3,-70.8],[21.8,-70.25],[21.2,-70.8],[19.3,-70.9],[18.95,-70.75],[19.3,-70.35],[18.3,-70.3],[18.1,-70.55],[16.6,-70.35],[13,-70.25],[12.3,-70.35],[11.85,-70.8],[9.15,-70.3],[8.45,-70.5],[5.6,-70.65],[2.5,-70.9],[0.25,-71.35],[-2.15,-71.5],[-5.2,-71.35],[-6.15,-71.35],[-6.6,-70.9],[-7.85,-70.85],[-7.6,-71.6],[-8.6,-71.7],[-9.1,-71.2],[-9.95,-71.05],[-11.05,-71.55],[-11.35,-72.4],[-13.2,-72.8],[-14.2,-72.85],[-14.1,-73.15],[-15.55,-73.1],[-16.6,-73.65],[-15.7,-73.95],[-14.35,-73.85],[-15.75,-74.45],[-17.45,-74.35],[-17.8,-74.8],[-19.25,-75.55],[-20.4,-75.45],[-21.15,-75.7],[-22.3,-75.65],[-25.95,-75.95],[-27,-76.15],[-28.85,-76.35],[-30.7,-76.85],[-33.7,-77.3],[-35.3,-77.85],[-36.45,-78.6],[-36.25,-78.85],[-32.8,-79.25],[-30.6,-79.05],[-29.55,-79.3],[-30.65,-79.6],[-24.75,-79.8],[-24.25,-80.1],[-29.75,-80.2],[-36.05,-80.9],[-38.75,-80.85],[-41.75,-81.4],[-43.2,-81.9],[-44,-82.4],[-45.5,-82.55],[-46.3,-81.9],[-48.4,-81.9],[-51.75,-82.05]]],[[[-59.3,-80.2],[-59.8,-79.75],[-61.45,-79.9],[-61.75,-80.35],[-66.7,-80.4],[-64.3,-80.75],[-60.65,-80.95],[-59.3,-80.2]]],[[[-66.75,-78.45],[-67,-78.3],[-70.6,-78.9],[-71.8,-79.5],[-70.35,-79.7],[-68.95,-79.1],[-66.75,-78.45]]],[[[-52.5,-80.2],[-53.45,-80.15],[-54.15,-80.9],[-49.8,-80.8],[-49.7,-80.7],[-43.55,-80.2],[-42.95,-79.45],[-43.95,-78.6],[-43.8,-78.25],[-45.95,-77.8],[-47.2,-77.75],[-49.05,-78.05],[-50.2,-78.6],[-50.7,-79.3],[-50.25,-79.55],[-52.5,-80.2]]],[[[-74.85,-72.85],[-76.15,-73.15],[-74.6,-73.6],[-74.2,-73],[-74.85,-72.85]]],[[[-95.5,-72.3],[-96.35,-71.85],[-97.3,-72.2],[-98.25,-72.05],[-98.85,-71.75],[-99.75,-72.05],[-100.45,-71.9],[-102.1,-71.95],[-102.3,-72.15],[-100.2,-72.25],[-98.6,-72.55],[-96.05,-72.6],[-95.5,-72.3]]],[[[-74.9,-71],[-73.6,-70.75],[-74.8,-70.6],[-76.1,-70.85],[-76.15,-71.15],[-74.9,-71]]],[[[-75.5,-70.15],[-74.4,-69.95],[-74.95,-69.7],[-75.8,-69.9],[-75.5,-70.15]]],[[[-71.45,-72.65],[-69.2,-72.55],[-68.4,-72.2],[-68.15,-71.6],[-68.3,-70.85],[-69.3,-69.9],[-69.3,-69.65],[-70.1,-69.3],[-70.4,-68.8],[-72,-68.95],[-72.15,-69.25],[-71.6,-69.45],[-71.9,-69.95],[-71,-70.45],[-71.05,-70.95],[-71.7,-71.15],[-74.4,-71.45],[-75.4,-71.65],[-75.35,-71.9],[-74,-72.15],[-72.35,-71.6],[-70.7,-71.9],[-70.7,-72.4],[-72.7,-72.25],[-72.4,-72.65],[-71.45,-72.65]]],[[[-69.1,-67.65],[-68.15,-67.55],[-67.7,-67.15],[-68.4,-66.8],[-69.15,-67.5],[-69.1,-67.65]]],[[[-62.9,-64.5],[-63.55,-64.25],[-64.05,-64.75],[-63.35,-64.75],[-62.9,-64.5]]],[[[-57.5,-64.35],[-57.15,-64.1],[-57.8,-63.8],[-58.25,-63.9],[-58.2,-64.4],[-57.5,-64.35]]],[[[-160.55,-81.6],[-163,-81.25],[-163.75,-81.5],[-160.55,-81.6]]],[[[-159.85,-79.35],[-162.35,-78.75],[-164.15,-79],[-163.95,-79.4],[-160.7,-79.85],[-158.95,-79.7],[-159.85,-79.35]]],[[[169.25,-77.45],[166.65,-77.35],[166.4,-77.6],[168.4,-77.7],[169.25,-77.45]]],[[[-120.25,-73.95],[-120.7,-73.75],[-123.05,-73.7],[-123.05,-74.25],[-122.25,-74.4],[-121.1,-74.35],[-120.25,-73.95]]],[[[-127.45,-73.55],[-124.8,-74.25],[-123.8,-74.1],[-125.6,-73.45],[-126.55,-73.25],[-127.45,-73.55]]]]},"properties":{"name":"Antarctica","ISO3166-1-Alpha-3":"ATA","ISO3166-1-Alpha-2":"AQ"}},
{"type":"Feature","geometry":{"type":"MultiPolygon","coordinates":[[[[131.55,-31.6],[132.25,-32.05],[132.8,-31.95],[133.15,-32.2],[133.6,-32.1],[134.25,-32.6],[134.05,-32.7],[134.3,-33.15],[134.65,-33.25],[134.85,-33.65],[135.2,-33.9],[135.45,-34.7],[135.75,-34.85],[136.35,-34.05],[137.2,-33.65],[137.45,-33.15],[137.9,-32.8],[138.05,-33.15],[137.95,-33.55],[137.45,-34.15],[137.4,-35.1],[137.65,-35.2],[138.05,-34.3],[138.55,-34.75],[138.45,-35.35],[138.55,-35.65],[139.05,-35.6],[139.5,-35.9],[139.85,-36.6],[139.75,-37.2],[140.35,-37.9],[141.15,-38.15],[141.45,-38.4],[141.95,-38.3],[142.4,-38.35],[143.55,-38.85],[144.4,-38.3],[144.5,-38.1],[145,-37.9],[145.55,-38.65],[145.9,-38.9],[146.25,-38.7],[146.9,-38.65],[147.6,-38.1],[148.3,-37.8],[149.5,-37.8],[150,-37.5],[149.9,-36.95],[150.15,-36.3],[150.15,-35.95],[150.85,-34.8],[150.9,-34.35],[151.15,-34.1],[151.65,-33.05],[152.2,-32.75],[152.5,-32.45],[152.5,-32.15],[152.95,-31.5],[153.1,-30.95],[153,-30.75],[153.3,-29.7],[153.35,-29.3],[153.6,-28.85],[153.6,-28.25],[153.45,-27.8],[153.1,-27.25],[153.2,-27.05],[153.1,-26.3],[153.1,-25.95],[152.9,-25.7],[152.9,-25.3],[152.7,-25.25],[152.4,-24.75],[152.15,-24.6],[151.8,-24],[151.6,-24.05],[150.85,-23.5],[150.75,-23.15],[150.85,-22.7],[150.2,-22.4],[149.6,-22.25],[149.25,-21.1],[148.75,-20.7],[148.85,-20.4],[148.55,-20.05],[147.85,-19.8],[147.55,-19.5],[146.45,-19.05],[146.3,-18.85],[146.35,-18.55],[146,-18.25],[146.05,-17.4],[145.8,-16.9],[145.4,-16.45],[145.45,-16.05],[145.25,-15.55],[145.3,-14.95],[144.7,-14.55],[144.5,-14.15],[143.95,-14.5],[143.8,-14.4],[143.55,-13.75],[143.45,-12.6],[143.1,-12.35],[143.2,-12],[142.85,-11.85],[142.75,-11],[142.45,-10.7],[142.15,-10.95],[142.15,-11.35],[141.95,-11.9],[141.65,-12.45],[141.8,-12.6],[141.6,-13],[141.7,-13.25],[141.45,-13.8],[141.6,-14.1],[141.5,-14.5],[141.65,-15],[141.5,-15.5],[141.4,-16.1],[141.2,-16.7],[140.95,-17],[140.85,-17.45],[140.5,-17.65],[140,-17.7],[139.25,-17.35],[139.05,-16.9],[138.2,-16.7],[137.75,-16.25],[137.05,-15.9],[136.75,-15.9],[136.25,-15.4],[135.45,-14.95],[135.4,-14.75],[135.9,-14.15],[136,-13.8],[135.9,-13.35],[136.65,-12.95],[136.7,-12.3],[136.45,-11.95],[136.05,-12.3],[135.75,-11.95],[135.05,-12.25],[133.15,-11.65],[132.9,-11.35],[132.6,-11.6],[132.65,-12.05],[132.05,-12.3],[131.5,-12.3],[131,-12.15],[130.8,-12.45],[130.35,-12.7],[130.15,-12.95],[130.25,-13.3],[129.95,-13.55],[129.7,-14],[129.5,-14.1],[129.35,-14.4],[129.7,-14.8],[129.6,-14.95],[128.2,-14.7],[127.65,-14.2],[126.95,-13.7],[126.55,-14.2],[126.15,-14.2],[126.05,-14.5],[125.65,-14.35],[125.15,-14.75],[125.35,-15],[124.85,-15.15],[124.65,-15.5],[124.4,-15.55],[124.4,-16.2],[123.65,-16.35],[123.85,-17.15],[123.4,-17.35],[123.15,-16.8],[122.9,-16.5],[122.7,-16.8],[122.3,-17.1],[122.15,-17.55],[122.2,-18.2],[121.9,-18.45],[121.2,-19.45],[120.25,-19.9],[119.55,-20.05],[119.05,-20],[118.85,-20.25],[118.15,-20.35],[117.85,-20.6],[117.35,-20.75],[116.75,-20.6],[115.95,-21.05],[115.45,-21.5],[114.65,-21.85],[114.4,-22.35],[114.15,-22.3],[114,-21.85],[113.65,-22.6],[113.8,-23.05],[113.75,-23.55],[113.45,-23.9],[113.4,-24.25],[113.6,-24.9],[114.15,-25.8],[114.1,-26.45],[113.6,-26.7],[114,-27.3],[114.15,-28.1],[114.55,-28.5],[115,-29.5],[114.95,-30.2],[115.2,-30.85],[115.7,-31.65],[115.75,-32.6],[115.6,-32.65],[115.65,-33.3],[115.45,-33.6],[114.95,-33.7],[115,-34.25],[115.75,-34.55],[116,-34.85],[116.45,-35],[118.1,-35],[118.95,-34.45],[119.4,-34.45],[119.55,-34.15],[120,-33.95],[121.55,-33.8],[122,-33.85],[122.55,-33.95],[122.8,-33.9],[123.55,-33.9],[123.95,-33.55],[124.1,-33.1],[124.7,-32.9],[126.2,-32.25],[126.7,-32.3],[127.3,-32.25],[128,-32.1],[129,-31.7],[130.15,-31.55],[130.85,-31.6],[131.2,-31.5],[131.55,-31.6]]],[[[148,-43.25],[147.9,-42.8],[148,-42.3],[148.25,-41.8],[148.35,-41],[148,-40.75],[147.45,-41],[147,-41],[146.4,-41.15],[145.7,-40.95],[144.7,-40.7],[144.6,-41],[144.95,-41.7],[145.2,-41.95],[145.25,-42.6],[146.05,-43.5],[146.7,-43.65],[147.25,-43.25],[147.6,-42.8],[148,-43.25]]],[[[138.15,-35.8],[137.35,-35.6],[136.6,-35.75],[136.7,-36.05],[137.2,-36],[137.45,-36.1],[138.15,-35.8]]],[[[136.95,-14.2],[136.45,-13.9],[136.45,-14.2],[136.95,-14.2]]],[[[131.55,-11.4],[131.25,-11.2],[130.7,-11.4],[130.5,-11.65],[131,-11.95],[131.45,-11.6],[131.55,-11.4]]]]},"properties":{"name":"Australia","ISO3166-1-Alpha-3":"AUS","ISO3166-1-Alpha-2":"AU"}},
{"type":"Feature","geometry":{"type":"MultiPolygon","coordinates":[[[[-40.9,65.1],[-40.2,65.05],[-39.85,65.5],[-38.2,65.65],[-37.8,66.05],[-37.2,65.8],[-36.05,65.95],[-34.65,66.4],[-33.75,67],[-33.2,67.55],[-32.15,68.05],[-30,68.15],[-29,68.35],[-26.4,68.65],[-24.6,69.3],[-23.7,69.7],[-23.55,70.1],[-25.3,70.4],[-26.35,70.2],[-26.75,70.5],[-28.25,70.35],[-28.3,70.55],[-27.5,70.95],[-26.45,70.95],[-25.6,71.15],[-24.65,71.25],[-23.95,70.6],[-23.35,70.45],[-21.75,70.6],[-21.65,71.4],[-22.55,71.45],[-22.5,71.9],[-24.35,72.35],[-25,73.05],[-25.7,73.15],[-25.3,73.45],[-24.4,73.55],[-22.3,73.25],[-20.55,73.45],[-20.7,73.9],[-22.25,74.1],[-21.75,74.45],[-18.95,74.5],[-20.75,74.85],[-20.65,75.3],[-19.45,75.25],[-19.65,76.15],[-21.55,76.4],[-21.95,76.6],[-20.5,76.95],[-18.5,76.75],[-18.3,77.2],[-20.25,77.35],[-20,77.7],[-21.65,78],[-21,78.75],[-18.95,79.15],[-19.2,79.7],[-20.4,79.85],[-19.45,80.25],[-16.45,80.2],[-15.4,80.65],[-11.65,81.4],[-12.05,81.65],[-13.9,81.8],[-16.5,81.75],[-17.15,81.4],[-21.05,81.75],[-21.4,82.1],[-24.6,82],[-29.85,82.15],[-22.45,82.35],[-21.3,82.6],[-23.65,82.85],[-25.65,83.3],[-32.5,83.65],[-38.7,83.45],[-37.65,83.15],[-39.45,82.95],[-41.75,83.2],[-45.15,83.15],[-46.55,82.9],[-43.75,82.4],[-44.4,82.1],[-46,82.05],[-51.1,82.5],[-50.9,81.9],[-53,82],[-54.45,82.35],[-61.3,81.8],[-60.8,81.5],[-61.5,81.1],[-63,81.25],[-67.45,80.35],[-67.05,80.05],[-64.95,80.05],[-64.85,79.5],[-66.1,79.1],[-69.05,79],[-69.45,78.8],[-72.6,78.5],[-72.8,78.1],[-69.05,77.25],[-70.9,77.2],[-70.65,76.8],[-68.9,76.65],[-69.6,76.45],[-68.45,76.1],[-66.5,75.95],[-65.35,76.05],[-63.5,76.4],[-60.85,76.15],[-59.25,75.9],[-58.15,75.5],[-58.15,75.1],[-56.85,74.8],[-56.6,74.25],[-55.25,73.4],[-55.45,73.05],[-54.65,72.85],[-54.9,72.25],[-55.85,71.7],[-55.5,71.45],[-53.95,71.45],[-53.7,71.75],[-52.7,71.55],[-51.9,71],[-51.2,70.9],[-51.55,70.45],[-52.45,70.7],[-54,70.85],[-54,70.4],[-53.25,70.35],[-52.35,70.05],[-50.35,69.9],[-50.85,69.65],[-51.1,68.85],[-51.55,68.5],[-52.6,68.55],[-53.7,67.8],[-53.6,67.5],[-53.95,67.1],[-53.1,66.95],[-53.7,66.35],[-53.45,65.95],[-52.25,65.45],[-52.15,64.7],[-51.85,64.25],[-51.25,64.75],[-50.9,64.4],[-51.45,64.1],[-51.55,63.7],[-51.05,63.2],[-50.2,62.75],[-50.3,62.5],[-49.3,62],[-49.25,61.6],[-47.95,60.85],[-46.85,60.8],[-46.4,61.1],[-44.95,60.35],[-44.95,60.05],[-44,60.2],[-43.15,60.1],[-43.3,60.45],[-42.85,60.6],[-42.7,61.3],[-42.1,62],[-42.4,62.8],[-41.75,62.85],[-41.45,63.25],[-40.6,63.8],[-40.55,64.1],[-41.4,64.2],[-40.55,64.5],[-41.05,64.9],[-40.9,65.1]]],[[[-52.9,69.35],[-52.15,69.5],[-52,69.8],[-53.25,70.2],[-54.85,70.2],[-55,69.7],[-52.9,69.35]]],[[[-25.3,70.75],[-25.7,71.1],[-26.65,70.9],[-27.05,70.9],[-28.05,70.45],[-26.6,70.5],[-25.3,70.75]]],[[[-21.95,72.45],[-23.15,72.85],[-24.5,72.85],[-24.35,72.6],[-22.25,72.1],[-21.95,72.45]]]]},"properties":{"name":"Greenland","ISO3166-1-Alpha-3":"GRL","ISO3166-1-Alpha-2":"GL"}},
{"type":"Feature","geometry":{"type":"MultiPolygon","coordinates":[[[[180,-16.15],[178.9,-16.45],[178.6,-16.8],[178.7,-17],[179.3,-16.8],[179.9,-16.7],[179.75,-16.45],[180,-16.15]]],[[[178.7,-18],[178.6,-17.65],[178.25,-17.35],[177.85,-17.35],[177.4,-17.65],[177.35,-18.1],[178.15,-18.25],[178.7,-18]]]]},"properties":{"name":"Fiji","ISO3166-1-Alpha-3":"FJI","ISO3166-1-Alpha-2":"FJ"}},
{"type":"Feature","geometry":{"type":"MultiPolygon","coordinates":[[[[172.75,-43.3],[173.3,-42.95],[173.55,-42.5],[174.2,-41.9],[174.05,-41.4],[174.2,-41],[173.55,-41.05],[173.2,-41.3],[173.05,-40.9],[172.7,-40.75],[172.1,-40.9],[172.05,-41.4],[171.5,-41.85],[171.1,-42.6],[170.7,-42.95],[169.75,-43.55],[168.75,-44],[168.35,-44.1],[167.2,-44.95],[166.5,-45.8],[166.75,-46.2],[167.4,-46.25],[169.05,-46.7],[169.65,-46.6],[170.25,-46.15],[170.7,-45.7],[171.2,-44.9],[171.35,-44.3],[172.5,-43.7],[172.75,-43.3]]],[[[176.95,-39.6],[177.05,-39.2],[177.9,-39.1],[177.95,-38.75],[178.3,-38.55],[178.35,-38],[178.55,-37.7],[178.3,-37.55],[177.75,-37.7],[177.55,-37.9],[177.15,-38],[176,-37.65],[175.9,-36.95],[175.5,-36.65],[175.25,-36.95],[174.8,-36.8],[174.75,-36.25],[174.5,-36],[174.55,-35.6],[174.15,-35.3],[173.9,-35],[173.5,-35],[173.1,-35.2],[174.35,-36.65],[174.85,-37.75],[174.6,-38.85],[173.85,-39.15],[173.8,-39.4],[174.95,-39.9],[175.25,-40.35],[175.15,-40.65],[174.6,-41.3],[175.2,-41.4],[175.35,-41.6],[175.95,-41.25],[176.35,-40.7],[176.85,-40.2],[176.95,-39.6]]]]},"properties":{"name":"New Zealand","ISO3166-1-Alpha-3":"NZL","ISO3166-1-Alpha-2":"NZ"}},
{"type":"Feature","geometry":{"type":"Polygon","coordinates":[[[167.05,-22.25],[166.95,-22.1],[165.4,-21.05],[164.5,-20.3],[164.15,-20.3],[164.35,-20.75],[164.8,-21.1],[165.3,-21.6],[165.7,-21.75],[166.5,-22.3],[166.9,-22.4],[167.05,-22.25]]]},"properties":{"name":"New Caledonia","ISO3166-1-Alpha-3":"NCL","ISO3166-1-Alpha-2":"NC"}},
{"type":"Feature","geometry":{"type":"Polygon","coordinates":[[[44.25,-20.4],[43.9,-20.9],[43.8,-21.2],[43.45,-21.4],[43.2,-22.25],[43.35,-22.85],[43.6,-23.1],[43.65,-24.2],[44.05,-25],[44.35,-25.25],[44.85,-25.35],[45.15,-25.6],[45.5,-25.55],[46.25,-25.2],[46.65,-25.2],[47.15,-24.9],[47.55,-23.85],[47.9,-22.5],[48.2,-21.8],[48.55,-20.6],[49.1,-19.05],[49.35,-18.4],[49.5,-17.65],[49.45,-17.3],[49.85,-16.55],[49.85,-16.2],[49.65,-15.55],[49.9,-15.4],[50.05,-15.85],[50.25,-15.95],[50.5,-15.3],[50.3,-14.9],[50.15,-13.8],[49.85,-12.9],[49.35,-12.3],[49,-12.35],[48.95,-12.8],[48.75,-13.4],[48.2,-13.75],[47.9,-13.8],[48.05,-14.15],[47.7,-14.35],[47.75,-14.6],[47.5,-15.1],[47.3,-14.9],[46.35,-15.65],[45.65,-15.95],[45.25,-15.9],[44.85,-16.25],[44.45,-16.2],[44.45,-16.7],[43.95,-17.45],[44.05,-17.75],[44.05,-18.45],[44.25,-18.8],[44.25,-19.05],[44.45,-19.4],[44.5,-19.9],[44.25,-20.4]]]},"properties":{"name":"Madagascar","ISO3166-1-Alpha-3":"MDG","ISO3166-1-Alpha-2":"MG"}},
{"type":"Feature","geometry":{"type":"MultiPolygon","coordinates":[[[[126.55,7.3],[126.6,7.7],[126.4,7.85],[126.45,8.25],[126.3,8.95],[125.95,9.5],[125.4,9.7],[125.55,9.2],[125.45,9],[124.8,8.95],[124.75,8.5],[124.4,8.6],[124.25,8.2],[123.85,8.1],[123.75,8.6],[123.5,8.7],[123.05,8.5],[122.9,8.15],[122.3,8],[122.15,7.8],[122.05,7.3],[122.45,7.6],[122.8,7.75],[123,7.45],[123.5,7.65],[123.6,7.85],[124.05,7.6],[124.25,7.4],[123.95,6.8],[124.25,6.2],[125.2,5.8],[125.4,5.55],[125.7,6.15],[125.4,6.75],[125.8,7.35],[126.1,6.85],[126.5,7.05],[126.55,7.3]]],[[[122.3,18.4],[121.95,18.3],[121.6,18.35],[121.1,18.65],[120.6,18.55],[120.35,17.55],[120.45,16.95],[120.3,16.6],[120.4,16.15],[119.9,15.9],[120.1,14.8],[120.55,14.7],[120.85,14.75],[120.95,14.5],[120.6,14.2],[120.75,13.95],[121.3,13.6],[121.7,13.95],[122.1,13.75],[122.5,13.35],[122.5,13.95],[123.15,13.45],[123.45,13.05],[123.8,12.85],[123.8,13.3],[123.55,13.65],[123.5,13.95],[123.1,13.7],[123,14.1],[122.75,14.35],[122.45,14.35],[121.95,14],[121.75,14.2],[121.6,14.85],[121.4,15.3],[121.65,15.7],[121.6,15.95],[122.2,16.25],[122.55,17.1],[122.15,17.6],[122.3,18.4]]],[[[124.55,9.85],[124.2,10.15],[123.9,9.9],[123.95,9.6],[124.3,9.6],[124.55,9.85]]],[[[123.55,10.85],[123.2,11],[122.95,10.9],[122.8,10.55],[122.9,10.1],[122.4,9.85],[122.6,9.45],[123.25,9.1],[123.15,9.85],[123.55,10.85]]],[[[124.05,10.85],[123.85,10.75],[123.4,9.95],[123.5,9.55],[123.8,10.25],[124.05,10.5],[124.05,10.85]]],[[[119.65,10.55],[119.5,10.95],[119.3,10.5],[118.8,10.2],[118.15,9.35],[117.65,9.05],[117.75,8.7],[118.15,9.15],[118.5,9.3],[118.75,9.9],[119.2,10.05],[119.65,10.55]]],[[[125.25,10.3],[125,10.8],[125,11.4],[124.4,11.3],[124.4,10.95],[124.8,10.8],[124.75,10.4],[124.9,10.15],[125.25,10.3]]],[[[123.15,11.5],[122.6,11.5],[122.4,11.75],[122.1,11.65],[122.05,11],[122.25,10.65],[122.6,10.7],[123,11.1],[123.15,11.5]]],[[[125.7,11.15],[125.45,11.6],[125.5,12.25],[125.15,12.6],[124.3,12.55],[124.4,12.2],[124.7,12.05],[125,11.6],[125.2,11.15],[125.7,11.15]]],[[[124.05,11.8],[123.9,12.2],[123.45,12.5],[123.25,12.4],[123.7,11.95],[124.05,11.8]]],[[[121.55,12.7],[121.45,13.2],[120.95,13.55],[120.55,13.5],[120.5,13.3],[120.75,13],[120.8,12.75],[121.15,12.25],[121.45,12.4],[121.55,12.7]]]]},"properties":{"name":"Philippines","ISO3166-1-Alpha-3":"PHL","ISO3166-1-Alpha-2":"PH"}},
{"type":"Feature","geometry":{"type":"Polygon","coordinates":[[[81.9,7.1],[81.9,7.35],[81.45,8.15],[81.35,8.5],[80.75,9.35],[80.25,9.5],[79.95,8.95],[79.75,8],[79.85,6.8],[80.1,6.15],[80.6,5.9],[81.35,6.25],[81.8,6.6],[81.9,7.1]]]},"properties":{"name":"Sri Lanka","ISO3166-1-Alpha-3":"LKA","ISO3166-1-Alpha-2":"LK"}},
{"type":"Feature","geometry":{"type":"Polygon","coordinates":[[[-68.8,12.1],[-68.85,12.15],[-69.05,12.25],[-69.05,12.35],[-69.15,12.3],[-69.1,12.2],[-68.95,12.1],[-68.8,12.1]]]},"properties":{"name":"Curaçao","ISO3166-1-Alpha-3":"CUW","ISO3166-1-Alpha-2":"CW"}},
{"type":"Feature","geometry":{"type":"Polygon","coordinates":[[[-70,12.6],[-70.05,12.55],[-69.9,12.4],[-69.9,12.45],[-70,12.6]]]},"properties":{"name":"Aruba","ISO3166-1-Alpha-3":"ABW","ISO3166-1-Alpha-2":"AW"}},
{"type":"Feature","geometry":{"type":"MultiPolygon","coordinates":[[[[-78.35,24.65],[-78.05,24.3],[-77.7,24.5],[-78,25],[-78.35,24.65]]],[[[-77.8,26.9],[-77.5,26.85],[-77.3,26.6],[-77.15,26.55],[-77.25,26.2],[-77,26.3],[-77.05,26.55],[-77.25,26.65],[-77.5,26.85],[-77.8,26.9]]]]},"properties":{"name":"The Bahamas","ISO3166-1-Alpha-3":"BHS","ISO3166-1-Alpha-2":"BS"}},
{"type":"Feature","geometry":{"type":"Polygon","coordinates":[[[-71.8,21.8],[-71.75,21.8],[-71.65,21.75],[-71.7,21.85],[-71.8,21.85],[-71.8,21.8]]]},"properties":{"name":"Turks and Caicos Islands","ISO3166-1-Alpha-3":"TCA","ISO3166-1-Alpha-2":"TC"}},
{"type":"Feature","geometry":{"type":"Polygon","coordinates":[[[121.9,24.95],[121.6,25.25],[121.05,25.05],[120.7,24.6],[120.2,23.75],[120.05,23.15],[120.35,22.5],[120.6,22.3],[120.95,22.55],[121.4,23.15],[121.65,24.2],[121.85,24.55],[121.9,24.95]]]},"properties":{"name":"Taiwan","ISO3166-1-Alpha-3":"TWN","ISO3166-1-Alpha-2":"CN-TW"}},
{"type":"Feature","geometry":{"type":"MultiPolygon","coordinates":[[[[131.65,32.5],[132,32.9],[131.7,33.25],[131.75,33.6],[131.1,33.65],[130.7,33.95],[130.4,33.6],[129.85,33.55],[129.65,33],[129.9,32.65],[130.15,33.1],[130.4,33.1],[130.65,32.6],[130.15,31.8],[130.35,31.65],[130.2,31.25],[130.9,31.1],[131.35,31.4],[131.65,32.5]]],[[[134.7,33.85],[134.65,34.2],[134.15,34.4],[133.65,34.2],[133.5,33.95],[132.75,34],[132.4,33.45],[132.45,32.95],[132.9,32.8],[133.25,33.35],[133.75,33.55],[134.2,33.25],[134.25,33.5],[134.7,33.85]]],[[[133.4,34.45],[134,34.55],[134.75,34.75],[135.4,34.55],[135.1,34.3],[135.05,33.9],[135.75,33.5],[135.95,33.6],[136.3,34.15],[136.85,34.3],[136.5,34.7],[137.3,34.8],[137.8,34.65],[138.2,34.7],[138.55,35.1],[138.75,34.75],[139.15,34.85],[139.15,35.25],[139.55,35.3],[139.85,35],[140.4,35.2],[140.5,35.55],[140.85,35.75],[140.55,36.3],[141.05,37.4],[140.95,37.9],[141.1,38.35],[141.45,38.45],[141.65,39],[141.9,39.1],[142.05,39.55],[141.75,40.4],[141.45,40.65],[141.3,41.35],[140.9,41.5],[140.8,41.15],[140.35,41.25],[140.25,40.8],[139.85,40.6],[140,40.35],[139.8,39.95],[140.05,39.5],[139.45,38.15],[138.85,37.85],[138.55,37.4],[138.25,37.2],[137,36.85],[137.1,37.3],[136.75,37.35],[136.75,36.85],[135.95,35.95],[136,35.65],[135.45,35.55],[135.25,35.75],[134.95,35.65],[133.4,35.45],[133.1,35.6],[132.65,35.45],[131.85,34.7],[131.4,34.4],[131.05,34.4],[130.85,34.1],[131.25,33.95],[131.75,34.05],[132.05,33.9],[132.2,34.25],[132.5,34.35],[133.15,34.3],[133.4,34.45]]],[[[145.75,43.4],[145.3,43.3],[144.85,43.95],[144.2,44.1],[143.8,44.1],[143,44.6],[141.95,45.5],[141.6,45.15],[141.8,44.6],[141.65,43.95],[141.35,43.7],[141.45,43.35],[141.15,43.15],[140.8,43.2],[140.25,42.75],[139.9,42.65],[139.8,42.25],[140.15,42],[140,41.55],[140.2,41.4],[140.65,41.8],[140.7,42.15],[140.3,42.25],[140.75,42.55],[141,42.3],[141.75,42.6],[143.25,41.95],[143.35,42.3],[143.65,42.65],[144.3,43],[144.75,42.9],[145.5,43.15],[145.75,43.4]]]]},"properties":{"name":"Japan","ISO3166-1-Alpha-3":"JPN","ISO3166-1-Alpha-2":"JP"}},
{"type":"Feature","geometry":{"type":"Polygon","coordinates":[[[-56.25,46.9],[-56.3,47],[-56.25,47.05],[-56.4,47.1],[-56.35,46.95],[-56.25,46.9]]]},"properties":{"name":"Saint Pierre and Miquelon","ISO3166-1-Alpha-3":"SPM","ISO3166-1-Alpha-2":"PM"}},
{"type":"Feature","geometry":{"type":"Polygon","coordinates":[[[-14.55,66.4],[-15.4,66.15],[-16,66.55],[-16.5,66.2],[-17.4,66],[-18.7,66.15],[-20.45,66.05],[-20.25,65.75],[-21.35,65.5],[-21.3,66],[-22.85,66.45],[-23.8,66.05],[-24.2,65.5],[-22.95,65.55],[-22.2,65.45],[-22.65,65],[-21.95,64.3],[-22.35,63.85],[-21.15,63.9],[-20.2,63.55],[-18.75,63.4],[-17.95,63.5],[-17.85,63.75],[-16.9,63.8],[-16,64.15],[-15,64.25],[-14.5,64.45],[-13.55,65.05],[-13.6,65.5],[-14.8,65.8],[-15.1,66.05],[-14.55,66.4]]]},"properties":{"name":"Iceland","ISO3166-1-Alpha-3":"ISL","ISO3166-1-Alpha-2":"IS"}},
{"type":"Feature","geometry":{"type":"Polygon","coordinates":[[[-128.35,-24.3],[-128.35,-24.35],[-128.3,-24.4],[-128.3,-24.35],[-128.35,-24.3]]]},"properties":{"name":"Pitcairn Islands","ISO3166-1-Alpha-3":"PCN","ISO3166-1-Alpha-2":"PN"}},
{"type":"Feature","geometry":{"type":"Polygon","coordinates":[[[-149.2,-17.75],[-149.35,-17.55],[-149.6,-17.55],[-149.6,-17.75],[-149.2,-17.75]]]},"properties":{"name":"French Polynesia","ISO3166-1-Alpha-3":"PYF","ISO3166-1-Alpha-2":"PF"}},
{"type":"Feature","geometry":{"type":"Polygon","coordinates":[[[70.55,-49.2],[70.25,-49.1],[69.7,-49.3],[68.75,-49.05],[69.1,-49.6],[70.1,-49.7],[70.15,-49.35],[70.55,-49.2]]]},"properties":{"name":"French Southern and Antarctic Lands","ISO3166-1-Alpha-3":"ATF","ISO3166-1-Alpha-2":"TF"}},
{"type":"Feature","geometry":{"type":"Polygon","coordinates":[[[55.4,-4.65],[55.45,-4.7],[55.5,-4.75],[55.55,-4.7],[55.45,-4.6],[55.4,-4.65]]]},"properties":{"name":"Seychelles","ISO3166-1-Alpha-3":"SYC","ISO3166-1-Alpha-2":"SC"}},
{"type":"Feature","geometry":{"type":"Polygon","coordinates":[[[-157.2,1.75],[-157.4,1.9],[-157.45,1.8],[-157.2,1.75]]]},"properties":{"name":"Kiribati","ISO3166-1-Alpha-3":"KIR","ISO3166-1-Alpha-2":"KI"}},
{"type":"Feature","geometry":{"type":"Polygon","coordinates":[[[171.4,7.1],[171.25,7.1],[171.25,7.05],[171.3,7.1],[171.35,7.1],[171.4,7.1]]]},"properties":{"name":"Marshall Islands","ISO3166-1-Alpha-3":"MHL","ISO3166-1-Alpha-2":"MH"}},
{"type":"Feature","geometry":{"type":"Polygon","coordinates":[[[-61,10.7],[-61.6,10.75],[-61.45,10.3],[-61,10.15],[-61,10.7]]]},"properties":{"name":"Trinidad and Tobago","ISO3166-1-Alpha-3":"TTO","ISO3166-1-Alpha-2":"TT"}},
{"type":"Feature","geometry":{"type":"Polygon","coordinates":[[[-61.6,12.2],[-61.65,12.25],[-61.75,12.1],[-61.6,12.1],[-61.6,12.2]]]},"properties":{"name":"Grenada","ISO3166-1-Alpha-3":"GRD","ISO3166-1-Alpha-2":"GD"}},
{"type":"Feature","geometry":{"type":"Polygon","coordinates":[[[-61.15,13.15],[-61.1,13.3],[-61.2,13.35],[-61.25,13.2],[-61.15,13.15]]]},"properties":{"name":"Saint Vincent and the Grenadines","ISO3166-1-Alpha-3":"VCT","ISO3166-1-Alpha-2":"VC"}},
{"type":"Feature","geometry":{"type":"Polygon","coordinates":[[[-59.45,13.15],[-59.65,13.3],[-59.6,13.1],[-59.45,13.15]]]},"properties":{"name":"Barbados","ISO3166-1-Alpha-3":"BRB","ISO3166-1-Alpha-2":"BB"}},
{"type":"Feature","geometry":{"type":"Polygon","coordinates":[[[-60.9,14],[-61.1,13.9],[-60.95,13.7],[-60.9,14]]]},"properties":{"name":"Saint Lucia","ISO3166-1-Alpha-3":"LCA","ISO3166-1-Alpha-2":"LC"}},
{"type":"Feature","geometry":{"type":"Polygon","coordinates":[[[-61.35,15.2],[-61.3,15.6],[-61.5,15.55],[-61.35,15.2]]]},"properties":{"name":"Dominica","ISO3166-1-Alpha-3":"DMA","ISO3166-1-Alpha-2":"DM"}},
{"type":"Feature","geometry":null,"properties":{"name":"United States Minor Outlying Islands","ISO3166-1-Alpha-3":"UMI","ISO3166-1-Alpha-2":"UM"}},
{"type":"Feature","geometry":{"type":"Polygon","coordinates":[[[-62.15,16.75],[-62.2,16.8],[-62.25,16.75],[-62.15,16.75]]]},"properties":{"name":"Montserrat","ISO3166-1-Alpha-3":"MSR","ISO3166-1-Alpha-2":"MS"}},
{"type":"Feature","geometry":{"type":"Polygon","coordinates":[[[-61.9,17.05],[-61.7,17.05],[-61.85,17.15],[-61.9,17.05]]]},"properties":{"name":"Antigua and Barbuda","ISO3166-1-Alpha-3":"ATG","ISO3166-1-Alpha-2":"AG"}},
{"type":"Feature","geometry":{"type":"Polygon","coordinates":[[[-62.65,17.25],[-62.7,17.35],[-62.8,17.4],[-62.85,17.35],[-62.65,17.25]]]},"properties":{"name":"Saint Kitts and Nevis","ISO3166-1-Alpha-3":"KNA","ISO3166-1-Alpha-2":"KN"}},
{"type":"Feature","geometry":{"type":"Polygon","coordinates":[[[-64.55,17.75],[-64.75,17.8],[-64.9,17.7],[-64.55,17.75]]]},"properties":{"name":"United States Virgin Islands","ISO3166-1-Alpha-3":"VIR","ISO3166-1-Alpha-2":"VI"}},
{"type":"Feature","geometry":{"type":"Polygon","coordinates":[[[-62.85,17.9],[-62.8,17.9],[-62.85,17.95],[-62.85,17.9]]]},"properties":{"name":"Saint Barthelemy","ISO3166-1-Alpha-3":"BLM","ISO3166-1-Alpha-2":"BL"}},
{"type":"Feature","geometry":{"type":"Polygon","coordinates":[[[-65.65,18.3],[-66,18.45],[-67.1,18.5],[-67.2,17.95],[-66.15,17.95],[-65.85,18.05],[-65.65,18.3]]]},"properties":{"name":"Puerto Rico","ISO3166-1-Alpha-3":"PRI","ISO3166-1-Alpha-2":"PR"}},
{"type":"Feature","geometry":{"type":"Polygon","coordinates":[[[-63,18.25],[-63.05,18.25],[-63.1,18.2],[-63,18.2],[-63,18.25]]]},"properties":{"name":"Anguilla","ISO3166-1-Alpha-3":"AIA","ISO3166-1-Alpha-2":"AI"}},
{"type":"Feature","geometry":{"type":"Polygon","coordinates":[[[-64.65,18.4],[-64.6,18.4],[-64.55,18.45],[-64.65,18.45],[-64.65,18.4]]]},"properties":{"name":"British Virgin Islands","ISO3166-1-Alpha-3":"VGB","ISO3166-1-Alpha-2":"VG"}},
{"type":"Feature","geometry":{"type":"Polygon","coordinates":[[[-76.25,18],[-76.9,18.4],[-77.9,18.5],[-78.1,18.2],[-77.7,17.85],[-77.2,17.7],[-76.85,18],[-76.5,17.85],[-76.25,18]]]},"properties":{"name":"Jamaica","ISO3166-1-Alpha-3":"JAM","ISO3166-1-Alpha-2":"JM"}},
{"type":"Feature","geometry":{"type":"Polygon","coordinates":[[[-81.15,19.35],[-81.3,19.35],[-81.3,19.3],[-81.15,19.3],[-81.15,19.35]]]},"properties":{"name":"Cayman Islands","ISO3166-1-Alpha-3":"CYM","ISO3166-1-Alpha-2":"KY"}},
{"type":"Feature","geometry":{"type":"Polygon","coordinates":[[[-64.7,32.4],[-64.75,32.35],[-64.75,32.3],[-64.7,32.35],[-64.7,32.4]]]},"properties":{"name":"Bermuda","ISO3166-1-Alpha-3":"BMU","ISO3166-1-Alpha-2":"BM"}},
{"type":"Feature","geometry":{"type":"Polygon","coordinates":[[[73.75,-53.1],[73.55,-53],[73.35,-53.05],[73.45,-53.2],[73.75,-53.1]]]},"properties":{"name":"Heard Island and McDonald Islands","ISO3166-1-Alpha-3":"HMD","ISO3166-1-Alpha-2":"HM"}},
{"type":"Feature","geometry":{"type":"Polygon","coordinates":[[[-5.7,-15.9],[-5.75,-15.95],[-5.75,-16],[-5.65,-16],[-5.7,-15.9]]]},"properties":{"name":"Saint Helena","ISO3166-1-Alpha-3":"SHN","ISO3166-1-Alpha-2":"SH"}},
{"type":"Feature","geometry":{"type":"Polygon","coordinates":[[[57.8,-20.2],[57.55,-20],[57.35,-20.45],[57.65,-20.5],[57.8,-20.2]]]},"properties":{"name":"Mauritius","ISO3166-1-Alpha-3":"MUS","ISO3166-1-Alpha-2":"MU"}},
{"type":"Feature","geometry":{"type":"Polygon","coordinates":[[[43.45,-11.8],[43.3,-11.4],[43.25,-11.8],[43.45,-11.8]]]},"properties":{"name":"Comoros","ISO3166-1-Alpha-3":"COM","ISO3166-1-Alpha-2":"KM"}},
{"type":"Feature","geometry":{"type":"Polygon","coordinates":[[[6.7,0.4],[6.45,0.2],[6.5,0.05],[6.75,0.2],[6.7,0.4]]]},"properties":{"name":"São Tomé and Principe","ISO3166-1-Alpha-3":"STP","ISO3166-1-Alpha-2":"ST"}},
{"type":"Feature","geometry":{"type":"Polygon","coordinates":[[[-23.45,15],[-23.7,15.25],[-23.8,15.15],[-23.7,14.95],[-23.45,15]]]},"properties":{"name":"Cabo Verde","ISO3166-1-Alpha-3":"CPV","ISO3166-1-Alpha-2":"CV"}},
{"type":"Feature","geometry":{"type":"Polygon","coordinates":[[[14.55,35.9],[14.45,35.95],[14.35,35.9],[14.55,35.8],[14.55,35.9]]]},"properties":{"name":"Malta","ISO3166-1-Alpha-3":"MLT","ISO3166-1-Alpha-2":"MT"}},
{"type":"Feature","geometry":{"type":"Polygon","coordinates":[[[-2.1,49.25],[-2.25,49.25],[-2.15,49.2],[-2,49.15],[-2.1,49.25]]]},"properties":{"name":"Jersey","ISO3166-1-Alpha-3":"JEY","ISO3166-1-Alpha-2":"JE"}},
{"type":"Feature","geometry":{"type":"Polygon","coordinates":[[[-2.6,49.5],[-2.65,49.45],[-2.55,49.45],[-2.6,49.5]]]},"properties":{"name":"Guernsey","ISO3166-1-Alpha-3":"GGY","ISO3166-1-Alpha-2":"GG"}},
{"type":"Feature","geometry":{"type":"Polygon","coordinates":[[[-4.6,54.05],[-4.3,54.3],[-4.45,54.4],[-4.7,54.2],[-4.6,54.05]]]},"properties":{"name":"Isle of Man","ISO3166-1-Alpha-3":"IMN","ISO3166-1-Alpha-2":"IM"}},
{"type":"Feature","geometry":{"type":"Polygon","coordinates":[[[20.2,60.2],[19.7,60.25],[19.75,60.1],[20,60.1],[20.2,60.2]]]},"properties":{"name":"Aland","ISO3166-1-Alpha-3":"ALA","ISO3166-1-Alpha-2":"AX"}},
{"type":"Feature","geometry":{"type":"Polygon","coordinates":[[[-7.2,62.15],[-7.05,62.1],[-6.85,62],[-6.7,62.05],[-6.85,62.15],[-7.2,62.15]]]},"properties":{"name":"Faroe Islands","ISO3166-1-Alpha-3":"FRO","ISO3166-1-Alpha-2":"FO"}},
{"type":"Feature","geometry":{"type":"Polygon","coordinates":[[[105.7,-10.45],[105.65,-10.5],[105.7,-10.55],[105.7,-10.45]]]},"properties":{"name":"Indian Ocean Territories","ISO3166-1-Alpha-3":"-99","ISO3166-1-Alpha-2":"-99"}},
{"type":"Feature","geometry":{"type":"Polygon","coordinates":[[[72.45,-7.4],[72.45,-7.45],[72.45,-7.35],[72.45,-7.3],[72.35,-7.25],[72.4,-7.3],[72.45,-7.3],[72.45,-7.35],[72.45,-7.4],[72.45,-7.45],[72.5,-7.4],[72.45,-7.4]]]},"properties":{"name":"British Indian Ocean Territory","ISO3166-1-Alpha-3":"IOT","ISO3166-1-Alpha-2":"IO"}},
{"type":"Feature","geometry":{"type":"Polygon","coordinates":[[[103.95,1.4],[103.8,1.45],[103.65,1.3],[103.85,1.25],[103.95,1.4]]]},"properties":{"name":"Singapore","ISO3166-1-Alpha-3":"SGP","ISO3166-1-Alpha-2":"SG"}},
{"type":"Feature","geometry":{"type":"Polygon","coordinates":[[[168,-29],[167.95,-29],[167.95,-29.05],[168,-29.05],[168,-29]]]},"properties":{"name":"Norfolk Island","ISO3166-1-Alpha-3":"NFK","ISO3166-1-Alpha-2":"NF"}},
{"type":"Feature","geometry":{"type":"Polygon","coordinates":[[[-159.8,-21.2],[-159.85,-21.25],[-159.75,-21.25],[-159.75,-21.2],[-159.8,-21.2]]]},"properties":{"name":"Cook Islands","ISO3166-1-Alpha-3":"COK","ISO3166-1-Alpha-2":"CK"}},
{"type":"Feature","geometry":{"type":"Polygon","coordinates":[[[-175.05,-21.1],[-175.15,-21.15],[-175.25,-21.1],[-175.35,-21.15],[-175.15,-21.25],[-175.05,-21.1]]]},"properties":{"name":"Tonga","ISO3166-1-Alpha-3":"TON","ISO3166-1-Alpha-2":"TO"}},
{"type":"Feature","geometry":{"type":"Polygon","coordinates":[[[-178.15,-14.25],[-178.15,-14.3],[-178.05,-14.3],[-178.15,-14.25]]]},"properties":{"name":"Wallis and Futuna","ISO3166-1-Alpha-3":"WLF","ISO3166-1-Alpha-2":"WF"}},
{"type":"Feature","geometry":{"type":"Polygon","coordinates":[[[-172.2,-13.6],[-172.35,-13.45],[-172.75,-13.6],[-172.5,-13.8],[-172.2,-13.6]]]},"properties":{"name":"Samoa","ISO3166-1-Alpha-3":"WSM","ISO3166-1-Alpha-2":"WS"}},
{"type":"Feature","geometry":{"type":"MultiPolygon","coordinates":[[[[162.35,-10.8],[162.1,-10.45],[161.5,-10.35],[161.8,-10.75],[162.35,-10.8]]],[[[160.85,-9.85],[160.35,-9.4],[159.6,-9.5],[159.85,-9.8],[160.85,-9.85]]],[[[161.35,-9.6],[161,-8.6],[160.6,-8.4],[160.85,-9.15],[161.35,-9.6]]],[[[159.85,-8.5],[159.85,-8.35],[159.4,-8],[158.85,-7.95],[159.85,-8.5]]]]},"properties":{"name":"Solomon Islands","ISO3166-1-Alpha-3":"SLB","ISO3166-1-Alpha-2":"SB"}},
{"type":"Feature","geometry":null,"properties":{"name":"Tuvalu","ISO3166-1-Alpha-3":"TUV","ISO3166-1-Alpha-2":"TV"}},
{"type":"Feature","geometry":{"type":"Polygon","coordinates":[[[73.55,4.25],[73.5,4.2],[73.55,4.2],[73.55,4.25]]]},"properties":{"name":"Maldives","ISO3166-1-Alpha-3":"MDV","ISO3166-1-Alpha-2":"MV"}},
{"type":"Feature","geometry":{"type":"Polygon","coordinates":[[[166.95,-0.5],[166.9,-0.5],[166.9,-0.55],[166.95,-0.5]]]},"properties":{"name":"Nauru","ISO3166-1-Alpha-3":"NRU","ISO3166-1-Alpha-2":"NR"}},
{"type":"Feature","geometry":{"type":"Polygon","coordinates":[[[158.3,6.95],[158.15,6.9],[158.2,6.8],[158.3,6.95]]]},"properties":{"name":"Federated States of Micronesia","ISO3166-1-Alpha-3":"FSM","ISO3166-1-Alpha-2":"FM"}},
{"type":"Feature","geometry":{"type":"Polygon","coordinates":[[[-35.9,-54.7],[-36.6,-54.1],[-37.4,-54.15],[-35.9,-54.7]]]},"properties":{"name":"South Georgia and the Islands","ISO3166-1-Alpha-3":"SGS","ISO3166-1-Alpha-2":"GS"}},
{"type":"Feature","geometry":{"type":"MultiPolygon","coordinates":[[[[-59.65,-51.75],[-59.25,-51.4],[-60.05,-51.4],[-60.6,-51.75],[-60.25,-52],[-59.65,-51.75]]],[[[-57.8,-51.7],[-57.9,-51.4],[-58.5,-51.3],[-59.1,-51.4],[-59.1,-51.6],[-59.6,-51.9],[-59.4,-52.1],[-58.6,-52],[-57.8,-51.7]]]]},"properties":{"name":"Falkland Islands","ISO3166-1-Alpha-3":"FLK","ISO3166-1-Alpha-2":"FK"}},
{"type":"Feature","geometry":{"type":"Polygon","coordinates":[[[167.15,-15.55],[167.05,-15],[166.5,-14.85],[166.8,-15.65],[167.15,-15.55]]]},"properties":{"name":"Vanuatu","ISO3166-1-Alpha-3":"VUT","ISO3166-1-Alpha-2":"VU"}},
{"type":"Feature","geometry":{"type":"Polygon","coordinates":[[[-169.85,-18.95],[-169.95,-19.1],[-169.9,-19.15],[-169.8,-19.05],[-169.85,-18.95]]]},"properties":{"name":"Niue","ISO3166-1-Alpha-3":"NIU","ISO3166-1-Alpha-2":"NU"}},
{"type":"Feature","geometry":{"type":"Polygon","coordinates":[[[-170.6,-14.25],[-170.65,-14.25],[-170.85,-14.3],[-170.75,-14.35],[-170.6,-14.25]]]},"properties":{"name":"American Samoa","ISO3166-1-Alpha-3":"ASM","ISO3166-1-Alpha-2":"AS"}},
{"type":"Feature","geometry":{"type":"Polygon","coordinates":[[[134.65,7.7],[134.5,7.45],[134.6,7.4],[134.65,7.7]]]},"properties":{"name":"Palau","ISO3166-1-Alpha-3":"PLW","ISO3166-1-Alpha-2":"PW"}},
{"type":"Feature","geometry":{"type":"Polygon","coordinates":[[[144.9,13.65],[144.65,13.45],[144.8,13.45],[144.9,13.5],[144.9,13.65]]]},"properties":{"name":"Guam","ISO3166-1-Alpha-3":"GUM","ISO3166-1-Alpha-2":"GU"}},
{"type":"Feature","geometry":{"type":"Polygon","coordinates":[[[145.8,15.25],[145.7,15.2],[145.75,15.15],[145.8,15.25]]]},"properties":{"name":"Northern Mariana Islands","ISO3166-1-Alpha-3":"MNP","ISO3166-1-Alpha-2":"MP"}},
{"type":"Feature","geometry":{"type":"Polygon","coordinates":[[[50.55,26.2],[50.45,26.15],[50.45,26],[50.6,25.85],[50.6,26.1],[50.55,26.2]]]},"properties":{"name":"Bahrain","ISO3166-1-Alpha-3":"BHR","ISO3166-1-Alpha-2":"BH"}},
{"type":"Feature","geometry":null,"properties":{"name":"Coral Sea Islands","ISO3166-1-Alpha-3":"-99","ISO3166-1-Alpha-2":"-99"}},
{"type":"Feature","geometry":{"type":"Polygon","coordinates":[[[115.85,10.75],[115.8,10.75],[115.8,10.7],[115.85,10.75]]]},"properties":{"name":"Spratly Islands","ISO3166-1-Alpha-3":"-99","ISO3166-1-Alpha-2":"-99"}},
{"type":"Feature","geometry":null,"properties":{"name":"Clipperton Island","ISO3166-1-Alpha-3":"-99","ISO3166-1-Alpha-2":"-99"}},
{"type":"Feature","geometry":null,"properties":{"name":"Macao S.A.R","ISO3166-1-Alpha-3":"MAC","ISO3166-1-Alpha-2":"MO"}},
{"type":"Feature","geometry":null,"properties":{"name":"Ashmore and Cartier Islands","ISO3166-1-Alpha-3":"-99","ISO3166-1-Alpha-2":"-99"}},
{"type":"Feature","geometry":null,"properties":{"name":"Bajo Nuevo Bank (Petrel Is.)","ISO3166-1-Alpha-3":"-99","ISO3166-1-Alpha-2":"-99"}},
{"type":"Feature","geometry":null,"properties":{"name":"Serranilla Bank","ISO3166-1-Alpha-3":"-99","ISO3166-1-Alpha-2":"-99"}},
{"type":"Feature","geometry":null,"properties":{"name":"Scarborough Reef","ISO3166-1-Alpha-3":"-99","ISO3166-1-Alpha-2":"-99"}}
]}